{
  "Perth": 1,
  "Hobart": 2,
  "Brisbane": 3,
  "Victoria": 4,
  "Canberra": 5,
  "Belfast": 6,
  "Strabane": 7,
  "Dublin": 8,
  "Waringstown": 9,
  "Comber": 10,
  "Johannesburg": 11,
  "Durban": 12,
  "Paarl": 13,
  "Benoni": 14,
  "Bloemfontein": 15,
  "Potchefstroom": 16,
  "Port Elizabeth": 17,
  "Centurion": 18,
  "Kimberley": 19,
  "Cape Town": 20,
  "East London": 21,
  "Port Moresby": 22,
  "Amstelveen": 23,
  "Nairobi": 24,
  "Edinburgh": 25,
  "Londonderry": 26,
  "St Lucia": 27,
  "Guyana": 28,
  "Barbados": 29,
  "Jamaica": 30,
  "Christchurch": 31,
  "Nelson": 32,
  "Napier": 33,
  "Mount Maunganui": 34,
  "Wellington": 35,
  "Hamilton": 36,
  "Auckland": 37,
  "Dunedin": 38,
  "London": 39,
  "Birmingham": 40,
  "Cardiff": 41,
  "Antigua": 42,
  "Trinidad": 43,
  "Melbourne": 44,
  "Sydney": 45,
  "Albury": 46,
  "Bendigo": 47,
  "Bulawayo": 48,
  "St Kitts": 49,
  "Hong Kong": 50,
  "Bristol": 51,
  "Mirpur": 52,
  "Chittagong": 53,
  "Kanpur": 54,
  "Kolkata": 55,
  "Indore": 56,
  "Dharmasala": 57,
  "Delhi": 58,
  "Chandigarh": 59,
  "Ranchi": 60,
  "Visakhapatnam": 61,
  "Leeds": 62,
  "Southampton": 63,
  "Taunton": 64,
  "Nottingham": 65,
  "Manchester": 66,
  "Chester-le-Street": 67,
  "Southend-on-Sea": 68,
  "Rajkot": 69,
  "Mumbai": 70,
  "Chennai": 71,
  "Pune": 72,
  "Cuttack": 73,
  "Nagpur": 74,
  "Bangalore": 75,
  "Chelmsford": 76,
  "Alice Springs": 77,
  "Cox's Bazar": 78,
  "Lauderhill": 79,
  "Hyderabad": 80,
  "Coffs Harbour": 81,
  "Colombo": 82,
  "Stockholm": 83,
  "Abu Dhabi": 84,
  "Lincoln": 85,
  "Los Angeles": 86,
  "Bengaluru": 87,
  "Dharamsala": 88,
  "Dhaka": 89,
  "Chattogram": 90,
  "Launceston": 91,
  "Bangkok": 92,
  "Cheltenham": 93,
  "Worcester": 94,
  "Northampton": 95,
  "Chesterfield": 96,
  "Liverpool": 97,
  "Beckenham": 98,
  "Hove": 99,
  "Canterbury": 100,
  "Richmond": 101,
  "Leicester": 102,
  "Derby": 103,
  "Brighton": 104,
  "Gosforth": 105,
  "Market Warsop": 106,
  "Radlett": 107,
  "Blackpool": 108,
  "Eastbourne": 109,
  "Swansea": 110,
  "Southport": 111,
  "Guildford": 112,
  "Scarborough": 113,
  "Uxbridge": 114,
  "Colwyn Bay": 115,
  "Kirtipur": 116,
  "Sharjah": 117,
  "Dubai": 118,
  "Lahore": 119,
  "Dominica": 120,
  "Chiang Mai": 121,
  "Bready": 122,
  "Eglinton": 123,
  "Cork": 124,
  "Kampala": 125,
  "Loughborough": 126,
  "York": 127,
  "Arundel": 128,
  "Voorburg": 129,
  "Hambantota": 130,
  "Windhoek": 131,
  "Adelaide": 132,
  "Geelong": 133,
  "Whangarei": 134,
  "Stirling": 135,
  "Wollongong": 136,
  "Mackay": 137,
  "Rangiora": 138,
  "Alexandra": 139,
  "New Plymouth": 140,
  "Invercargill": 141,
  "Cairns": 142,
  "Guwahati": 143,
  "Thiruvananthapuram": 144,
  "Sylhet": 145,
  "Tunbridge Wells": 146,
  "Northwood": 147,
  "Oakham": 148,
  "Karachi": 149,
  "Vadodara": 150,
  "Harare": 151,
  "Kwekwe": 152,
  "Jaipur": 153,
  "Kuwait City": 154,
  "Rotterdam": 155,
  "Deventer": 156,
  "Lagos": 157,
  "Kuala Lumpur": 158,
  "Bangi": 159,
  "Bandar Kinrara": 160,
  "North Sound": 161,
  "Utrecht": 162,
  "Carrara": 163,
  "Moe": 164,
  "Burnie": 165,
  "Ballarat": 166,
  "Suva": 167,
  "The Hague": 168,
  "Schiedam": 169,
  "Pietermaritzburg": 170,
  "Morrisville": 171,
  "FTZ Sports Complex": 172,
  "Lucknow": 173,
  "Bridgetown": 174,
  "Gros Islet": 175,
  "St George's": 176,
  "Basseterre": 177,
  "Gaborone": 178,
  "Dasmarinas": 179,
  "Newport": 180,
  "Nettleworth": 181,
  "Kidderminster": 182,
  "Sedbergh": 183,
  "Chester": 184,
  "Derry": 185,
  "Al Amarat": 186,
  "Katunayake": 187,
  "Pretoria": 188,
  "Murcia": 189,
  "Port Vila": 190,
  "Castel": 191,
  "St Peter Port": 192,
  "Nuriootpa": 193,
  "Providence": 194,
  "Port of Spain": 195,
  "Kingston": 196,
  "Kigali City": 197,
  "Singapore": 198,
  "Galle": 199,
  "Kandy": 200,
  "Aberdeen": 201,
  "Dundee": 202,
  "Arbroath": 203,
  "Incheon": 204,
  "Coolidge": 205,
  "Surat": 206,
  "Rawalpindi": 207,
  "Almeria": 208,
  "Pokhara": 209,
  "Multan": 210,
  "Tarouba": 211,
  "Lower Austria": 212,
  "Walferdange": 213,
  "Ahmedabad": 214,
  "Welbeck": 215,
  "Grantham": 216,
  "Kibworth": 217,
  "Cambridge": 218,
  "Sale": 219,
  "Pallekele": 220,
  "Prague": 221,
  "Sofia": 222,
  "Marsa": 223,
  "Krefeld": 224,
  "Brondby": 225,
  "Albergaria": 226,
  "Kerava": 227,
  "Entebbe": 228,
  "Kolsva": 229,
  "Ilfov County": 230,
  "Gqeberha": 231,
  "Episkopi": 232,
  "Palmerston North": 233,
  "Naucalpan": 234,
  "Doha": 235,
  "Queenstown": 236,
  "Neath": 237,
  "Navi Mumbai": 238,
  "Ajman": 239,
  "Pearland": 240,
  "Roseau": 241,
  "Townsville": 242,
  "Dambulla": 243,
  "Ghent": 244,
  "Waterloo": 245,
  "St Saviour": 246,
  "Vantaa": 247,
  "Ayr": 248,
  "Glasgow": 249,
  "Belgrade": 250,
  "Latrobe": 251,
  "King City": 252,
  "St Martin": 253,
  "Sano": 254,
  "Osaka": 255,
  "Wormsley": 256,
  "Street": 257,
  "Newbury": 258,
  "Sookholme": 259,
  "Raipur": 260,
  "Phnom Penh": 261,
  "Buenos Aires": 262,
  "Mong Kok": 263,
  "Kowloon": 264,
  "Gibraltar": 265,
  "Kathmandu": 266,
  "Copenhagen": 267,
  "Milverton": 268,
  "St Clement": 269,
  "Grand Prairie": 270,
  "Dallas": 271,
  "Dehra Dun": 272,
  "Szodliget": 273,
  "Hangzhou": 274,
  "Bali": 275,
  "Wong Nai Chung Gap": 276,
  "Rugby": 277,
  "New York": 278,
  "Kingstown": 279,
  "Johor": 280,
  "Mohali": 281,
  "Accra": 282,
  "Houston": 283,
  "Solihull": 284,
  "Guacima": 285,
  "Wicklow": 286,
  "Dreux": 287,
  "Spinaceto": 288,
  "Rome": 289,
  "Gwalior": 290,
  "Port  Soif": 291,
  "Zagreb": 292,
  "Apia": 293,
  "Oslo": 294,
  "Koge": 295,
  "Dar-es-Salaam": 296,
  "Corfu": 297,
  "Seropedica": 298,
  "Gelephu": 299,
  "Blantyre": 300,
  "Jinja": 301,
  "Abuja": 302,
  "Mexico City": 303,
  "St John's": 304,
  "St Vincent": 305,
  "Faisalabad": 306,
  "Peshawar": 307,
  "Bogra": 308,
  "Fatullah": 309,
  "Faridabad": 310,
  "Margao": 311,
  "Jamshedpur": 312,
  "Grenada": 313,
  "Kochi": 314,
  "Bowral": 315,
  "Sind": 316,
  "Darwin": 317,
  "Kurunegala": 318,
  "Toronto": 319,
  "Pianoro": 320,
  "Navile": 321,
  "Medicina": 322,
  "Khulna": 323,
  "Bermuda": 324,
  "Horsham": 325,
  "Colchester": 326,
  "Milton Keynes": 327,
  "Padang": 328,
  "Gold Coast": 329,
  "Frinton-on-Sea": 330,
  "Halstead": 331,
  "Coggeshall": 332,
  "Bishop's Stortford": 333
}