{
  "Western Australia Cricket Association Ground": 1,
  "Bellerive Oval": 2,
  "Adelaide Oval": 3,
  "Brisbane Cricket Ground, Woolloongabba": 4,
  "Melbourne Cricket Ground": 5,
  "Sydney Cricket Ground": 6,
  "Simonds Stadium, South Geelong": 7,
  "Manuka Oval": 8,
  "Civil Service Cricket Club, Stormont, Belfast": 9,
  "New Strabane Park": 10,
  "The Vineyard, Dublin": 11,
  "Observatory Lane, Rathmines, Dublin": 12,
  "The Lawn, Waringstown": 13,
  "The Green, Comber": 14,
  "New Wanderers Stadium, Johannesburg": 15,
  "Kingsmead, Durban": 16,
  "Boland Park, Paarl": 17,
  "Willowmoore Park, Benoni": 18,
  "Mangaung Oval, Bloemfontein": 19,
  "Senwes Park, Potchefstroom": 20,
  "St George's Park, Port Elizabeth": 21,
  "SuperSport Park, Centurion": 22,
  "Diamond Oval, Kimberley": 23,
  "Newlands, Cape Town": 24,
  "Buffalo Park, East London": 25,
  "Amini Park": 26,
  "VRA Ground": 27,
  "Gymkhana Club Ground": 28,
  "Grange Cricket Club Ground, Raeburn Place": 29,
  "Bready Cricket Club, Magheramason": 30,
  "Harare Sports Club": 31,
  "Daren Sammy National Cricket Stadium, Gros Islet": 32,
  "Providence Stadium": 33,
  "Kensington Oval, Bridgetown": 34,
  "Sabina Park, Kingston": 35,
  "Hagley Oval": 36,
  "Saxton Oval": 37,
  "McLean Park": 38,
  "Bay Oval": 39,
  "Basin Reserve": 40,
  "Seddon Park": 41,
  "Eden Park": 42,
  "Westpac Stadium": 43,
  "University Oval": 44,
  "Kennington Oval": 45,
  "Edgbaston": 46,
  "Sophia Gardens": 47,
  "Sir Vivian Richards Stadium, North Sound": 48,
  "Darren Sammy National Cricket Stadium, Gros Islet": 49,
  "Queen's Park Oval, Port of Spain": 50,
  "Sydney Showground Stadium": 51,
  "Docklands Stadium": 52,
  "North Sydney Oval": 53,
  "North Sydney Oval No.2": 54,
  "Lavington Sports Oval": 55,
  "Queen Elizabeth II Oval": 56,
  "Casey Fields No. 4": 57,
  "Howell Oval": 58,
  "W.A.C.A. Ground": 59,
  "Allan Border Field": 60,
  "Hurstville Oval": 61,
  "Blacktown International Sportspark": 62,
  "Camberwell Sports Ground": 63,
  "Queens Sports Club": 64,
  "Warner Park, Basseterre": 65,
  "Mission Road Ground, Mong Kok": 66,
  "County Ground": 67,
  "Lord's": 68,
  "Shere Bangla National Stadium": 69,
  "Zahur Ahmed Chowdhury Stadium": 70,
  "Green Park": 71,
  "Eden Gardens": 72,
  "Holkar Cricket Stadium": 73,
  "Himachal Pradesh Cricket Association Stadium": 74,
  "Feroz Shah Kotla": 75,
  "Punjab Cricket Association Stadium, Mohali": 76,
  "JSCA International Stadium Complex": 77,
  "Dr. Y.S. Rajasekhara Reddy ACA-VDCA Cricket Stadium": 78,
  "Headingley": 79,
  "The Rose Bowl": 80,
  "Trent Bridge": 81,
  "Old Trafford": 82,
  "Riverside Ground": 83,
  "Malahide": 84,
  "Clontarf Cricket Club Ground": 85,
  "Garon Park": 86,
  "Saurashtra Cricket Association Stadium": 87,
  "Punjab Cricket Association IS Bindra Stadium, Mohali": 88,
  "Wankhede Stadium": 89,
  "MA Chidambaram Stadium, Chepauk": 90,
  "Maharashtra Cricket Association Stadium": 91,
  "Barabati Stadium": 92,
  "Vidarbha Cricket Association Stadium, Jamtha": 93,
  "M Chinnaswamy Stadium": 94,
  "County Ground, Chelmsford": 95,
  "Traeger Park, Alice Springs": 96,
  "Sheikh Kamal International Cricket Stadium": 97,
  "Central Broward Regional Park Stadium Turf Ground": 98,
  "Rajiv Gandhi International Stadium, Uppal": 99,
  "International Sports Stadium": 100,
  "Rangiri Dambulla International Stadium": 101,
  "Khettarama Stadium": 102,
  "Sinhalese Sports Club Ground": 103,
  "Skarpnack 1": 104,
  "Skarpnack 2": 105,
  "Johor Cricket Academy Oval": 106,
  "Dubai International Cricket Stadium": 107,
  "Sheikh Zayed Stadium": 108,
  "Sharjah Cricket Stadium": 109,
  "Bert Sutcliffe Oval": 110,
  "Eden Park No 2": 111,
  "Cello Basin Reserve": 112,
  "Kennards Hire Community Oval": 113,
  "University of Otago Oval": 114,
  "Nelson Park": 115,
  "Mainpower Oval": 116,
  "Colin Maiden Park": 117,
  "Cobham Oval": 118,
  "Jaffery Sports Club Ground": 119,
  "R Premadasa Stadium": 120,
  "Wright Cricket Field, Woodley Park": 121,
  "Severn Cricket Field, Woodley Park": 122,
  "Wong Cricket Field, Woodley Park": 123,
  "Shere Bangla National Stadium, Mirpur": 124,
  "Zahur Ahmed Chowdhury Stadium, Chittagong": 125,
  "Sano International Cricket Ground": 126,
  "Aurora Stadium": 127,
  "Lilac Hill Park": 128,
  "Asian Institute of Technology Ground": 129,
  "College Ground": 130,
  "County Ground, New Road": 131,
  "Queen's Park": 132,
  "Arundel Castle Cricket Club Ground": 133,
  "Aigburth": 134,
  "The Kent County Cricket Ground": 135,
  "Uxbridge Cricket Club Ground": 136,
  "St Lawrence Ground": 137,
  "Old Deer Park": 138,
  "Grace Road": 139,
  "The Cooper Associates County Ground": 140,
  "County Ground, Northampton": 141,
  "Lord's, London": 142,
  "County Ground, New Road, Worcester": 143,
  "County Ground, Bristol": 144,
  "St Lawrence Ground, Canterbury": 145,
  "Riverside Ground, Chester-le-Street": 146,
  "Old Trafford, Manchester": 147,
  "County Ground, Taunton": 148,
  "Trent Bridge, Nottingham": 149,
  "County Ground, Derby": 150,
  "Sophia Gardens, Cardiff": 151,
  "Grace Road, Leicester": 152,
  "County Ground, Hove": 153,
  "Edgbaston, Birmingham": 154,
  "Headingley, Leeds": 155,
  "Kennington Oval, London": 156,
  "The Rose Bowl, Southampton": 157,
  "Roseworth Terrace, Gosforth": 158,
  "Aigburth, Liverpool": 159,
  "Welbeck Colliery Cricket Club Ground, Market Warsop": 160,
  "Radlett Cricket Club, Radlett": 161,
  "Stanley Park, Blackpool": 162,
  "The Saffrons, Eastbourne": 163,
  "St Helen's, Swansea": 164,
  "Trafalgar Road Ground, Southport": 165,
  "Woodbridge Road, Guildford": 166,
  "North Marine Road Ground, Scarborough": 167,
  "Queen's Park, Chesterfield": 168,
  "College Ground, Cheltenham": 169,
  "Kent County Cricket Ground, Beckenham": 170,
  "Penrhyn Avenue, Rhos-on-Sea, Colwyn Bay": 171,
  "Tribhuvan University International Cricket Ground": 172,
  "Perth Stadium": 173,
  "P Sara Oval": 174,
  "Mercantile Cricket Association Ground": 175,
  "Nondescripts Cricket Club Ground": 176,
  "Colombo Cricket Club Ground": 177,
  "Senwes Park": 178,
  "Mangaung Oval": 179,
  "Diamond Oval": 180,
  "Boland Park": 181,
  "Buffalo Park": 182,
  "Kingsmead": 183,
  "St George's Park": 184,
  "Newlands": 185,
  "The Wanderers Stadium": 186,
  "Gaddafi Stadium": 187,
  "Windsor Park, Roseau": 188,
  "ICC Global Cricket Academy": 189,
  "Dower Park": 190,
  "Canterbury Park": 191,
  "White Hills Oval": 192,
  "Strathfieldsaye": 193,
  "M.Chinnaswamy Stadium": 194,
  "Galle International Stadium": 195,
  "North Sydney Oval, Sydney": 196,
  "Willowmoore Park": 197,
  "Willowmoore Park B Field": 198,
  "Willowmoore Park C Field": 199,
  "Royal Chiangmai Golf Club": 200,
  "Prem Tinsulanonda International School": 201,
  "Gymkhana Club": 202,
  "North-West University No1 Ground": 203,
  "Church of Ireland Young Men's Society Cricket Club Ground, Belfast": 204,
  "Bready Cricket Club, Magheramason, Bready": 205,
  "Merrion Cricket Club Ground, Dublin": 206,
  "Instonians Cricket Club, Shaw's Bridge Lower Ground, Belfast": 207,
  "Woodvale Road, Eglinton": 208,
  "Mardyke, Cork": 209,
  "Lugogo Cricket Oval": 210,
  "Entebbe Cricket Oval": 211,
  "Kyambogo Cricket Oval": 212,
  "The Cooper Associates County Ground, Taunton": 213,
  "Haslegrave Ground, Loughborough": 214,
  "Clifton Park Ground, York": 215,
  "Brian Lara Stadium, Tarouba": 216,
  "Sportpark Duivesteijn": 217,
  "Mahinda Rajapaksa International Cricket Stadium, Sooriyawewa": 218,
  "R.Premadasa Stadium, Khettarama": 219,
  "The Village, Malahide": 220,
  "Wanderers Cricket Ground": 221,
  "Pallekele International Cricket Stadium": 222,
  "Simonds Stadium, South Geelong, Victoria": 223,
  "Traeger Park": 224,
  "Cobham Oval (New)": 225,
  "New Williamfield No1 Oval": 226,
  "Willowmoore Park A Field": 227,
  "Gliderol Stadium": 228,
  "North Dalton Park": 229,
  "Harrup Park": 230,
  "Eden Park Outer Oval": 231,
  "Molyneux Park": 232,
  "Pukekura Park": 233,
  "Allan Border Field, Brisbane": 234,
  "Cazaly's Stadium, Cairns": 235,
  "Western Australia Cricket Association Ground, Perth": 236,
  "Bellerive Oval, Hobart": 237,
  "Gliderol Stadium, Adelaide": 238,
  "Barsapara Cricket Stadium": 239,
  "Arun Jaitley Stadium": 240,
  "Greenfield International Stadium": 241,
  "Affies Park": 242,
  "Terdthai Cricket Ground": 243,
  "Sylhet International Cricket Stadium": 244,
  "SuperSport Park": 245,
  "Coolidge Cricket Ground": 246,
  "ICC Academy": 247,
  "Grange Cricket Club, Raeburn Place": 248,
  "Nevill Ground, Tunbridge Wells": 249,
  "Merchant Taylors' School Ground, Northwood": 250,
  "Oakham School Ground": 251,
  "National Stadium": 252,
  "Shaheed Veer Narayan Singh International Stadium": 253,
  "Dr. Y.S. Rajasekhara Reddy ACA VDCA Cricket Stadium": 254,
  "Dr P.V.G. Raju ACA Sports Complex": 255,
  "Reliance Stadium": 256,
  "Brabourne Stadium": 257,
  "Old Hararians Sports Club": 258,
  "Old Hararians": 259,
  "Bulawayo Athletic Club": 260,
  "Kwekwe Sports Club": 261,
  "JU Second Campus, Salt Lake": 262,
  "United Cricket Club Ground": 263,
  "Punjab Cricket Association IS Bindra Stadium": 264,
  "Rajiv Gandhi International Stadium": 265,
  "MA Chidambaram Stadium": 266,
  "Sawai Mansingh Stadium": 267,
  "Pembroke Cricket Club, Sandymount, Dublin": 268,
  "Sulabiya Ground": 269,
  "Tack-Tec Ground": 270,
  "Hazelaarweg": 271,
  "Sportpark Het Schootsveld": 272,
  "Tafawa Balewa Square Cricket Oval": 273,
  "Kinrara Academy Oval": 274,
  "Royal Selangor Club": 275,
  "UKM-YSD Cricket Oval": 276,
  "UKM Cricket Oval": 277,
  "Kinrara Oval": 278,
  "Karen Rolton Oval": 279,
  "Junction Oval": 280,
  "Carrara Oval": 281,
  "YMCA Cricket Club": 282,
  "The Vineyard": 283,
  "The Village, Malahide, Dublin": 284,
  "Pembroke Cricket Club, Sandymount": 285,
  "Sir Vivian Richards Stadium": 286,
  "Wankhede Stadium, Mumbai": 287,
  "Sportpark Maarschalkerweerd": 288,
  "Brisbane Cricket Ground, Woolloongabba, Brisbane": 289,
  "Junction Oval, Melbourne": 290,
  "Karen Rolton Oval, Adelaide": 291,
  "Gahanga International Cricket Stadium. Rwanda": 292,
  "Geelong Cricket Ground": 293,
  "Ted Summerton Reserve": 294,
  "West Park Oval": 295,
  "Eastern Oval": 296,
  "Bankstown Oval": 297,
  "Cazaly's Stadium": 298,
  "Drummoyne Oval": 299,
  "Basin Reserve, Wellington": 300,
  "Albert Park 1": 301,
  "Albert Park 2": 302,
  "Sportpark Het Schootsveld 2": 303,
  "Sportpark Westvliet": 304,
  "VRA Ground, Amstelveen": 305,
  "Sportpark Thurlede": 306,
  "Dr. Gokaraju Laila Ganga Raju ACA Cricket Complex -DVR Ground,Mulapadu": 307,
  "Dr. Gokaraju Laila Ganga Raju ACA Cricket Complex -CP Ground,Mulapadu": 308,
  "Lalbhai Contractor Stadium": 309,
  "C B Patel Ground": 310,
  "Holkar Stadium": 311,
  " Emerald Heights International School Ground": 312,
  "DRIEMS Ground": 313,
  "Airforce Complex ground, Palam": 314,
  "Airforce Complex ground, Palam II": 315,
  "City Oval, Pietermaritzburg": 316,
  "Church Street Park": 317,
  "Chilaw Marians Cricket Club Ground": 318,
  "Colts Cricket Club Ground": 319,
  "Bharat Ratna Shri Atal Bihari Vajpayee Ekana Cricket Stadium": 320,
  "Kensington Oval, Barbados": 321,
  "Sir Vivian Richards Stadium, Antigua": 322,
  "Daren Sammy National Cricket Stadium, St Lucia": 323,
  "National Cricket Stadium, Grenada": 324,
  "Darren Sammy National Cricket Stadium, St Lucia": 325,
  "Warner Park, St Kitts": 326,
  "Botswana Cricket Association Oval 1": 327,
  "Botswana Cricket Association Oval 2": 328,
  "Botswana Cricket Association Oval 1, Gaborone": 329,
  "Hong Kong Cricket Club": 330,
  "Bayuemas Oval": 331,
  "Tolerance Oval": 332,
  "Al Amerat Cricket Ground Oman Cricket (Ministry Turf 1)": 333,
  "Al Amerat Cricket Ground Oman Cricket (Ministry Turf 2)": 334,
  "Friendship Oval": 335,
  "New Close County Cricket Ground, Newport, Isle-of-Wight": 336,
  "The John Fretwell Sporting Complex, Nettleworth": 337,
  "York Cricket Club": 338,
  "Spytty Park, Newport": 339,
  "Chester Road North Ground, Kidderminster": 340,
  "Sedbergh School": 341,
  "Colwyn Bay Cricket Club Ground": 342,
  "Radlett Cricket Club": 343,
  "Boughton Hall Cricket Club Ground, Chester": 344,
  "Castle Avenue": 345,
  "Civil Service Cricket Club, Stormont": 346,
  "Bready": 347,
  "Zahur Ahmed Chowdhury Stadium, Chattogram": 348,
  "Southend Club Cricket Stadium": 349,
  "FTZ Sports Complex (BOI)": 350,
  "LC de Villiers Oval": 351,
  "City Oval": 352,
  "La Manga Club Top Ground": 353,
  "Sawai Mansingh Stadium, Jaipur": 354,
  "Takashinga Sports Club": 355,
  "Ground 1, Independence Park": 356,
  "Ground 2, Independence Park": 357,
  "Sydney Parade": 358,
  "King George V Sports Ground": 359,
  "College Field": 360,
  "Invermay Park": 361,
  "Nuriootpa Centennial Park": 362,
  "Providence Stadium, Guyana": 363,
  "Queen's Park Oval, Trinidad": 364,
  "Sabina Park, Jamaica": 365,
  "Indian Association Ground": 366,
  "Drummoyne Oval, Sydney": 367,
  "Bankstown Oval, Sydney": 368,
  "Mannofield Park": 369,
  "Forthill": 370,
  "Lochlands": 371,
  "Yeonhui Cricket Ground": 372,
  "White Hill Field, Sandys Parish": 373,
  "Bermuda National Stadium": 374,
  "Coolidge Cricket Ground, Antigua": 375,
  "Lalabhai Contractor Stadium": 376,
  "ICC Academy Ground No 2": 377,
  "Selangor Turf Club": 378,
  "La Manga Club Bottom Ground": 379,
  "St'Xavier's KCA Cricket Ground": 380,
  "Greenfield Stadium": 381,
  "Cricket Stadium, Sector-16": 382,
  "GSSS, Sector 26": 383,
  "BKC Ground": 384,
  "Rawalpindi Cricket Stadium": 385,
  "Desert Springs Cricket Ground": 386,
  "Pokhara Rangasala": 387,
  "Multan Cricket Stadium": 388,
  "National Stadium, Karachi": 389,
  "Brisbane Cricket Ground": 390,
  "Brunton Memorial Ground, Radlett": 391,
  "Brian Lara Stadium, Tarouba, Trinidad": 392,
  "Queen's Park Oval, Port of Spain, Trinidad": 393,
  "Seebarn Cricket Centre, Lower Austria": 394,
  "Seebarn Cricket Centre": 395,
  "Pierre Werner Cricket Ground": 396,
  "Park 25 No 2, Adelaide": 397,
  "Sky Stadium": 398,
  "Pukekura Park, New Plymouth": 399,
  "Seddon Park, Hamilton": 400,
  "Eden Park Outer Oval, Auckland": 401,
  "Bay Oval, Mount Maunganui": 402,
  "Hagley Oval, Christchurch": 403,
  "Mainpower Oval, Rangiora": 404,
  "Saxton Oval, Nelson": 405,
  "Molyneux Park, Alexandra": 406,
  "McLean Park, Napier": 407,
  "Cobham Oval (New), Whangarei": 408,
  "Queen's Park, Invercargill": 409,
  "University Oval, Dunedin": 410,
  "Moara Vlasiei Cricket Ground": 411,
  "Mahinda Rajapaksa International Cricket Stadium, Sooriyawewa, Hambantota": 412,
  "Narendra Modi Stadium": 413,
  "Eden Park, Auckland": 414,
  "Alur Cricket Stadium": 415,
  "Alur Cricket Stadium II": 416,
  "Alur Cricket Stadium III": 417,
  "Jadavpur University Campus": 418,
  "Motibaug Cricket Ground": 419,
  "F B Colony Ground": 420,
  "Reliance Cricket Stadium": 421,
  "Sharad Pawar Cricket Academy BKC": 422,
  "SSN College Ground": 423,
  "T I Murugappa Ground": 424,
  "Sri Ramachandra Medical College": 425,
  "IC-Gurunanak College Ground": 426,
  "Narendra Modi Stadium Ground 'A', Motera": 427,
  "Sheikh Zayed Stadium, Abu Dhabi": 428,
  "The Cricket Field, Sedbergh School": 429,
  "Welbeck Abbey Cricket Ground": 430,
  "Gorse Lane, Grantham": 431,
  "North Dalton Park, Wollongong": 432,
  "The Wanderers Stadium, Johannesburg": 433,
  "Sportpark Maarschalkerweerd, Utrecht": 434,
  "Kibworth Cricket Club Ground": 435,
  "FP Fenner's Ground, Cambridge": 436,
  "Rookwood, Sale": 437,
  "Edgbaston Foundation Community Sports Ground, Birmingham": 438,
  "Bharat Ratna Shri Atal Bihari Vajpai Ekana Cricket Stadium": 439,
  "MA Chidambaram Stadium, Chepauk, Chennai": 440,
  "Narendra Modi Stadium, Ahmedabad": 441,
  "Arun Jaitley Stadium, Delhi": 442,
  "Zayed Cricket Stadium, Abu Dhabi": 443,
  "Kensington Oval, Bridgetown, Barbados": 444,
  "Sir Vivian Richards Stadium, North Sound, Antigua": 445,
  "National Cricket Stadium, St George's, Grenada": 446,
  "Wanderers": 447,
  "Wanderers Cricket Ground, Windhoek": 448,
  "Tribhuvan University International Cricket Ground, Kirtipur": 449,
  "Hazelaarweg, Rotterdam": 450,
  "Sher-e-Bangla National Cricket Stadium": 451,
  "R Premadasa Stadium, Colombo": 452,
  "Daren Sammy National Cricket Stadium, Gros Islet, St Lucia": 453,
  "Sabina Park, Kingston, Jamaica": 454,
  "Manuka Oval, Canberra": 455,
  "Ray Mitchell Oval, Harrup Park, Mackay": 456,
  "Scott Page Field, Vinor": 457,
  "National Sports Academy, Sofia": 458,
  "Marsa Sports Club": 459,
  "Bayer Uerdingen Cricket Ground": 460,
  "Invermay Park, Launceston": 461,
  "Aurora Stadium, Launceston": 462,
  "University Oval, Hobart": 463,
  "Lilac Hill Park, Perth": 464,
  "Docklands Stadium, Melbourne": 465,
  "GMHBA Stadium, South Geelong, Victoria": 466,
  "International Sports Stadium, Coffs Harbour": 467,
  "Warner Park, Basseterre, St Kitts": 468,
  "Castle Avenue, Dublin": 469,
  "Takashinga Sports Club, Highfield, Harare": 470,
  "Svanholm Park, Brondby": 471,
  "Gucherre Cricket Ground": 472,
  "Kerava National Cricket Ground": 473,
  "Grange Cricket Club Ground, Raeburn Place, Edinburgh": 474,
  "Desert Springs Cricket Ground, Almeria": 475,
  "Guttsta Wicked Cricket Club": 476,
  "Botswana Cricket Association Oval 2, Gaborone": 477,
  "Moara Vlasiei Cricket Ground, Ilfov County": 478,
  "JSCA International Stadium Complex, Ranchi": 479,
  "Eden Gardens, Kolkata": 480,
  "Green Park, Kanpur": 481,
  "Punjab Cricket Association IS Bindra Stadium, Mohali, Chandigarh": 482,
  "M Chinnaswamy Stadium, Bengaluru": 483,
  "Bharat Ratna Shri Atal Bihari Vajpayee Ekana Cricket Stadium, Lucknow": 484,
  "Himachal Pradesh Cricket Association Stadium, Dharamsala": 485,
  "Barabati Stadium, Cuttack": 486,
  "Dr. Y.S. Rajasekhara Reddy ACA-VDCA Cricket Stadium, Visakhapatnam": 487,
  "Saurashtra Cricket Association Stadium, Rajkot": 488,
  "M Chinnaswamy Stadium, Bangalore": 489,
  "Happy Valley Ground": 490,
  "Bert Sutcliffe Oval, Lincoln": 491,
  "Fitzherbert Park, Palmerston North": 492,
  "ICC Academy, Dubai": 493,
  "Bharat Ratna Shri Atal Bihari Vajpayee Ekana Cricket Stadium B": 494,
  "ACA Stadium, Barsapara": 495,
  "Nehru Stadium": 496,
  "Gurugram Cricket Ground (SRNCC)": 497,
  "Chaudhry Bansi Lal Cricket Stadium": 498,
  "Gokaraju Liala Gangaaraju ACA Cricket Ground": 499,
  "ACA Stadium,Mangalagiri": 500,
  "Alembic 2  Cricket Ground": 501,
  "Reforma Athletic Club, Naucalpan": 502,
  "Integrated Polytechnic Regional Centre": 503,
  "University of Lagos Cricket Oval": 504,
  "West End Park International Cricket Stadium, Doha": 505,
  "Old Hararians, Harare": 506,
  "Sunrise Sports Club, Harare": 507,
  "ICC Academy Ground No 2, Dubai": 508,
  "Gaddafi Stadium, Lahore": 509,
  "Queens Sports Club, Bulawayo": 510,
  "John Davies Oval, Queenstown": 511,
  "Central Broward Regional Park Stadium Turf Ground, Lauderhill": 512,
  "Kinrara Academy Oval, Kuala Lumpur": 513,
  "Mitchells and Butlers' Ground, Birmingham": 514,
  "The Gnoll, Neath": 515,
  "Brabourne Stadium, Mumbai": 516,
  "Dr DY Patil Sports Academy, Mumbai": 517,
  "Maharashtra Cricket Association Stadium, Pune": 518,
  "United Cricket Club Ground, Windhoek": 519,
  "College Field, St Peter Port": 520,
  "Centre for Cricket Development Ground, Windhoek": 521,
  "Sportpark Westvliet, The Hague": 522,
  "Southend Club Cricket Stadium, Karachi": 523,
  "Malek Cricket Ground, Ajman": 524,
  "Choice Moosa Stadium, Pearland": 525,
  "Moosa Cricket Stadium, Pearland": 526,
  "Windsor Park, Roseau, Dominica": 527,
  "Tony Ireland Stadium, Townsville": 528,
  "Riverway Stadium, Townsville": 529,
  "Lugogo Cricket Oval, Kampala": 530,
  "Kyambogo Cricket Ground, Kampala": 531,
  "UKM-YSD Cricket Oval, Bangi": 532,
  "Meersen, Gent": 533,
  "Royal Brussels Cricket Club Ground, Waterloo": 534,
  "Grainville, St Saviour": 535,
  "Tikkurila Cricket Ground": 536,
  "Indian Association Ground, Singapore": 537,
  "Sportpark Harga, Schiedam": 538,
  "Sportpark Westvliet, Voorburg": 539,
  "Cambusdoon New Ground, Ayr": 540,
  "Titwood, Glasgow": 541,
  "Mannofield Park, Aberdeen": 542,
  "Lavington Sports Oval, Albury": 543,
  "Lisicji Jarak Cricket Ground": 544,
  "Blacktown International Sportspark, Sydney": 545,
  "Great Barrier Reef Arena, Mackay": 546,
  "Eastern Oval, Ballarat": 547,
  "Latrobe Recreation Ground, Latrobe": 548,
  "Ted Summerton Reserve, Moe": 549,
  "University of Tasmania Stadium, Launceston": 550,
  "Maple Leaf North-West Ground, King City": 551,
  "Maple Leaf North-East Ground, King City": 552,
  "Farmers Cricket Club Ground, St Martin": 553,
  "Vidarbha Cricket Association Stadium, Jamtha, Nagpur": 554,
  "Rajiv Gandhi International Stadium, Uppal, Hyderabad": 555,
  "Greenfield International Stadium, Thiruvananthapuram": 556,
  "Barsapara Cricket Stadium, Guwahati": 557,
  "Holkar Cricket Stadium, Indore": 558,
  "Gymkhana Club Ground, Nairobi": 559,
  "Fitzherbert Park": 560,
  "Amini Park, Port Moresby": 561,
  "Tolerance Oval, Abu Dhabi": 562,
  "Jadavpur University Campus 2nd Ground, Kolkata": 563,
  "Independence Park, Port Vila": 564,
  "Sylhet International Cricket Stadium, Academy Ground": 565,
  "Kaizuka Cricket Ground": 566,
  "St George's Park, Gqeberha": 567,
  "Bayuemas Oval, Kuala Lumpur": 568,
  "Sir Paul Getty's Ground, Wormsley": 569,
  "Millfield School, Street": 570,
  "Enborne Lodge, Newbury": 571,
  "The John Fretwell Sporting Complex, Sookholme": 572,
  "Kibworth Cricket Club New Ground": 573,
  "Shaheed Veer Narayan Singh International Stadium, Raipur": 574,
  "Gahanga International Cricket Stadium, Rwanda": 575,
  "Morodok Techo National Stadium": 576,
  "St Albans Club, Buenos Aires": 577,
  "Belgrano Athletic Club Ground, Buenos Aires": 578,
  "Hurlingham Club Ground, Buenos Aires": 579,
  "Mission Road Ground, Mong Kok, Hong Kong": 580,
  "Tafawa Balewa Square (TBS) Cricket Oval": 581,
  "Terdthai Cricket Ground, Bangkok": 582,
  "Kowloon Cricket Club": 583,
  "Santarem Cricket Ground": 584,
  "Europa Sports Complex": 585,
  "Mulpani Cricket Ground": 586,
  "P Sara Oval, Colombo": 587,
  "Sinhalese Sports Club Ground, Colombo": 588,
  "Solvangs Park, Glostrup": 589,
  "Sedgars Park, Potchefstroom": 590,
  "The Hills, Milverton": 591,
  "YSD-UKM Cricket Oval, Bangi": 592,
  "Grainville, St Saviour, Jersey": 593,
  "FB Fields, St Clement": 594,
  "Grand Prairie Stadium": 595,
  "Church Street Park, Morrisville": 596,
  "Sportpark Het Schootsveld, Deventer": 597,
  "Goldenacre, Edinburgh": 598,
  "Abhimanyu Cricket Academy, Dehradun": 599,
  "Malahide, Dublin": 600,
  "Cricket Central, Sydney": 601,
  "Casey Fields No 4, Melbourne": 602,
  "Jubilee Park, Ringwood, Melbourne": 603,
  "Sky Stadium, Wellington": 604,
  "GB Oval, Szodliget": 605,
  "Turf City B Cricket Ground": 606,
  "Vanuatu Cricket Ground": 607,
  "Selangor Turf Club, Kuala Lumpur": 608,
  "Vanuatu Cricket Ground (Oval 2)": 609,
  "Woodley Cricket Field, Los Angeles": 610,
  "Zhejiang University of Technology Cricket Field": 611,
  "National Stadium, Hamilton": 612,
  "Tafawa Balewa Square Cricket Oval, Lagos": 613,
  "San Albano": 614,
  "St Georges Quilmes": 615,
  "Udayana Cricket Ground": 616,
  "Royal Brunswick Ground, Hove, Brighton": 617,
  "Rugby School Ground": 618,
  "Grand Prairie Stadium, Dallas": 619,
  "Nassau County International Cricket Stadium, New York": 620,
  "Arnos Vale Ground, Kingstown, St Vincent": 621,
  "Royal Selangor Club, Kuala Lumpur": 622,
  "Maharaja Yadavindra Singh International Cricket Stadium, Mullanpur": 623,
  "University of Doha for Science and Technology": 624,
  "Achimota Senior Secondary School A Field, Accra": 625,
  "Achimota Senior Secondary School B Field, Accra": 626,
  "Prairie View Cricket Complex": 627,
  "New County Ground, Hove, Brighton": 628,
  "Whitegate Park, Blackpool": 629,
  "Lindum Sports Club Ground, Lincoln": 630,
  "Racecourse Ground, Derby": 631,
  "Old Edwardians Cricket Club Ground, Solihull": 632,
  "Los Reyes Polo Club": 633,
  "Forthill, Dundee": 634,
  "7he Sevens Stadium, Dubai": 635,
  "Oak Hill Cricket Club": 636,
  "Dreux Sport Cricket Club": 637,
  "Gahanga B Ground, Rwanda": 638,
  "Roma Cricket Ground": 639,
  "Simar Cricket Ground, Rome": 640,
  "Shrimant Madhavrao Scindia Cricket Stadium, Gwalior": 641,
  "King George V Sports Ground, Castel": 642,
  "Guernsey Rovers Athletic Club Ground, Port Soif": 643,
  "Sikh Union Club Ground, Nairobi": 644,
  "Mladost Cricket Ground, Zagreb": 645,
  "Faleata Oval No 2, Apia": 646,
  "Ekeberg Cricket Ground 1, Oslo": 647,
  "Ekeberg Cricket Ground 2, Oslo": 648,
  "KSCA Cricket Ground, Alur": 649,
  "Koge Cricket Club": 650,
  "Koge Cricket Club 2": 651,
  "Gymkhana Club Ground, Dar-es-Salaam": 652,
  "University of Dar-es-Salaam Ground": 653,
  "Yeonhui Cricket Ground, Incheon": 654,
  "Marina Ground, Corfu": 655,
  "Ruaraka Sports Club Ground, Nairobi": 656,
  "Sao Fernando Polo and Cricket Club": 657,
  "Gelephu International Cricket Ground": 658,
  "TCA Oval, Blantyre": 659,
  "Singapore National Cricket Ground": 660,
  "Jinja Cricket Ground": 661,
  "Sylhet Stadium": 662,
  "Nigeria Cricket Federation Oval 1, Abuja": 663,
  "Nigeria Cricket Federation Oval 2, Abuja": 664,
  "Las Caballerizas": 665,
  "Dr DY Patil Sports Academy, Navi Mumbai": 666,
  "Kotambi Stadium, Vadodara": 667,
  "St George's College Ground, Buenos Aires": 668,
  "Kensington Oval": 669,
  "Antigua Recreation Ground": 670,
  "Arnos Vale Ground, Kingstown": 671,
  "R.Premadasa Stadium": 672,
  "New Wanderers Stadium": 673,
  "Vidarbha C.A. Ground": 674,
  "Sardar Patel (Gujarat) Stadium, Motera": 675,
  "Madhavrao Scindia Cricket Ground": 676,
  "Iqbal Stadium": 677,
  "Sardar Patel Stadium": 678,
  "John Davies Oval": 679,
  "Jade Stadium": 680,
  "Arbab Niaz Stadium": 681,
  "Shaheed Chandu Stadium": 682,
  "Chittagong Divisional Stadium": 683,
  "Khan Shaheb Osman Ali Stadium": 684,
  "Narayanganj Osmani Stadium": 685,
  "Queenstown Events Centre": 686,
  "Nahar Singh Stadium": 687,
  "Nehru Stadium, Fatorda": 688,
  "Keenan Stadium": 689,
  "Maharani Usharaje Trust Cricket Ground": 690,
  "Asgiriya Stadium": 691,
  "Antigua Recreation Ground, St John's": 692,
  "Beausejour Stadium, Gros Islet": 693,
  "Sinovich Park, Sinoville": 694,
  "National Cricket Stadium, St George's": 695,
  "Sardar Patel Stadium, Motera": 696,
  "AMI Stadium": 697,
  "Goodyear Park": 698,
  "Sedgars Park": 699,
  "Ruaraka Sports Club Ground": 700,
  "Indian Petrochemicals Corporation Limited Sports Complex Ground": 701,
  "Andhra Cricket Association-Visakhapatnam District Cricket Association Stadium": 702,
  "Harlequins": 703,
  "Titwood": 704,
  "P Saravanamuttu Stadium": 705,
  "Sector 16 Stadium": 706,
  "Vidarbha Cricket Association Ground": 707,
  "Captain Roop Singh Stadium": 708,
  "Stellenbosch University 1": 709,
  "Stellenbosch University 2": 710,
  "Bradman Oval, Bowral": 711,
  "Maple Leaf North-West Ground": 712,
  "Cambusdoon New Ground": 713,
  "Niaz Stadium, Hyderabad": 714,
  "Sheikhupura Stadium": 715,
  "Dr DY Patil Sports Academy": 716,
  "Marrara Cricket Ground": 717,
  "Welagedara Stadium": 718,
  "OUTsurance Oval": 719,
  "De Beers Diamond Oval": 720,
  "Dubai Sports City Cricket Stadium": 721,
  "Maple Leaf South-West Ground": 722,
  "Zohur Ahmed Chowdhury Stadium": 723,
  "Boland Bank Park": 724,
  "Sea Breeze Oval": 725,
  "Moses Mabhida Stadium": 726,
  "Toronto Cricket, Skating and Curling Club": 727,
  "Ovale di Rastignano": 728,
  "Centro Sportivo Dozza": 729,
  "Centro Sportivo Ca'Nova": 730,
  "Chevrolet Park": 731,
  "Stadium Australia": 732,
  "De Beers Diamond Oval, Kimberley": 733,
  "Chevrolet Park, Bloemfontein": 734,
  "Sir Paul Getty's Ground": 735,
  "Mombasa Sports Club Ground": 736,
  "Subrata Roy Sahara Stadium": 737,
  "Haslegrave Ground": 738,
  "Faleata Oval No 1": 739,
  "Faleata Oval No 3": 740,
  "Faleata Oval No 2": 741,
  "Guanggong International Cricket Stadium": 742,
  "Sheikh Abu Naser Stadium": 743,
  "Sheikh Abu Naser Stadium, Khulna": 744,
  "MA Aziz Stadium, Chittagong": 745,
  "Louth Cricket Club": 746,
  "Somerset Cricket Club": 747,
  "Lords, St David's Cricket Club Ground": 748,
  "Antigua Recreation Ground, St John's, Antigua": 749,
  "Marrara Cricket Ground, Darwin": 750,
  "Punjab Cricket Association Stadium, Mohali, Chandigarh": 751,
  "Iqbal Stadium, Faisalabad": 752,
  "Bangabandhu National Stadium, Dhaka": 753,
  "Merrion Cricket Club Ground": 754,
  "MA Aziz Stadium": 755,
  "Bangabandhu National Stadium": 756,
  "Observatory Lane, Rathmines": 757,
  "Jade Stadium, Christchurch": 758,
  "Davies Park, Queenstown": 759,
  "Westpac Stadium, Wellington": 760,
  "Westpac Park, Hamilton": 761,
  "Queen's Park (New), St George's, Grenada": 762,
  "Bundaberg Rum Stadium, Cairns": 763,
  "Carisbrook": 764,
  "Queen's Park Oval": 765,
  "Daren Sammy National Cricket Stadium": 766,
  "Arnos Vale Ground": 767,
  "National Cricket Stadium": 768,
  "Sinhalese Sports Club": 769,
  "Goodyear Park, Bloemfontein": 770,
  "North West Cricket Stadium, Potchefstroom": 771,
  "Boland Bank Park, Paarl": 772,
  "Sharjah Cricket Association Stadium": 773,
  "Sheikh Zayed Stadium Nursery 1": 774,
  "ICC Academy Oval 2": 775,
  "Abu Dhabi Oval 1": 776,
  "Sheikh Zayed Stadium Nursery 2": 777,
  "ICC Academy Oval 1": 778,
  "Zayed Cricket Stadium": 779,
  "Abu Dhabi Oval 2": 780,
  "The Royal & Sun Alliance County Ground, Bristol": 781,
  "Captain Roop Singh Stadium, Gwalior": 782,
  "Nahar Singh Stadium, Faridabad": 783,
  "Nehru Stadium, Poona": 784,
  "Lal Bahadur Shastri Stadium, Hyderabad, Deccan": 785,
  "VRA Cricket Ground": 786,
  "Cricket Field Road Ground, Horsham": 787,
  "Castle Park Cricket Ground, Colchester": 788,
  "Merchant Taylors' School Ground": 789,
  "Castle Park Cricket Ground": 790,
  "Campbell Park, Milton Keynes": 791,
  "West End Park International Cricket Stadium": 792,
  "Clontarf Cricket Club Ground, Dublin": 793,
  "North Marine Road Ground": 794,
  "Kallang Ground": 795,
  "The Padang": 796,
  "Singapore Cricket Club": 797,
  "Peter Burge Oval": 798,
  "Kerrydale Oval": 799,
  "Bradman Oval": 800,
  "Nelson Park, Napier": 801,
  "Colin Maiden Park, Auckland": 802,
  "Karori Park, Wellington": 803,
  "Nevill Ground": 804,
  "Al Dhaid Cricket Village": 805,
  "The Rose Bowl (Nursery)": 806,
  "Myreside": 807,
  "Goldenacre": 808,
  "Thailand Cricket Ground": 809,
  "Waverley Oval": 810,
  "Adelaide Oval No. 2": 811,
  "VCA Ground": 812,
  "Jawaharlal Nehru Stadium": 813,
  "St  Pauls college ground  Kalamassery": 814,
  "Alembic 1 Cricket Ground": 815,
  "Ashlyns Road": 816,
  "West Mersea Cricket Club": 817,
  "Star Stile": 818,
  "Hare Field": 819,
  "Cricket Field Lane": 820,
  "Kent County Cricket Ground": 821,
  "Tony Ireland Stadium": 822,
  "The Hills Cricket Club Ground": 823,
  "Farmers Cricket Club Ground": 824,
  "FB Fields": 825,
  "Grainville": 826,
  "Guyana National Stadium, Providence": 827
}