{
  "South Africa": 1,
  "Australia": 2,
  "Pakistan": 3,
  "Sri Lanka": 4,
  "New Zealand": 5,
  "Northern Knights": 6,
  "Leinster Lightning": 7,
  "North-West Warriors": 8,
  "Knights": 9,
  "Cape Cobras": 10,
  "Titans": 11,
  "Lions": 12,
  "Dolphins": 13,
  "Warriors": 14,
  "Papua New Guinea": 15,
  "Namibia": 16,
  "Nepal": 17,
  "Netherlands": 18,
  "Hong Kong": 19,
  "Kenya": 20,
  "Scotland": 21,
  "Ireland": 22,
  "Zimbabwe": 23,
  "India": 24,
  "St Lucia Zouks": 25,
  "St Kitts and Nevis Patriots": 26,
  "Guyana Amazon Warriors": 27,
  "Trinbago Knight Riders": 28,
  "Jamaica Tallawahs": 29,
  "Barbados Tridents": 30,
  "Bangladesh": 31,
  "England": 32,
  "West Indies": 33,
  "Sydney Thunder": 34,
  "Sydney Sixers": 35,
  "Brisbane Heat": 36,
  "Adelaide Strikers": 37,
  "Melbourne Renegades": 38,
  "Hobart Hurricanes": 39,
  "Perth Scorchers": 40,
  "Melbourne Stars": 41,
  "Loughborough Lightning": 42,
  "Western Storm": 43,
  "Southern Vipers": 44,
  "Victoria": 45,
  "South Australia": 46,
  "Gibraltar": 47,
  "Israel": 48,
  "Germany": 49,
  "Isle of Man": 50,
  "Spain": 51,
  "Singapore": 52,
  "Malaysia": 53,
  "Otago Volts": 54,
  "Central Stags": 55,
  "Canterbury": 56,
  "Northern Districts": 57,
  "Auckland Aces": 58,
  "Wellington Firebirds": 59,
  "Saudi Arabia": 60,
  "Uganda": 61,
  "Qatar": 62,
  "Denmark": 63,
  "Italy": 64,
  "Bermuda": 65,
  "Oman": 66,
  "Jersey": 67,
  "United States of America": 68,
  "Rajshahi Kings": 69,
  "Comilla Victorians": 70,
  "Khulna Titans": 71,
  "Rangpur Riders": 72,
  "Chittagong Vikings": 73,
  "Barisal Bulls": 74,
  "Dhaka Dynamites": 75,
  "China": 76,
  "Japan": 77,
  "Yorkshire": 78,
  "Nottinghamshire": 79,
  "Surrey": 80,
  "Essex": 81,
  "Lancashire": 82,
  "Durham": 83,
  "Hampshire": 84,
  "Glamorgan": 85,
  "Gloucestershire": 86,
  "Middlesex": 87,
  "Worcestershire": 88,
  "Warwickshire": 89,
  "Northamptonshire": 90,
  "Derbyshire": 91,
  "Sussex": 92,
  "Somerset": 93,
  "Leicestershire": 94,
  "Kent": 95,
  "United Arab Emirates": 96,
  "Thailand": 97,
  "Peshawar Zalmi": 98,
  "Islamabad United": 99,
  "Quetta Gladiators": 100,
  "Lahore Qalandars": 101,
  "Karachi Kings": 102,
  "Indonesia": 103,
  "Vanuatu": 104,
  "Philippines": 105,
  "Samoa": 106,
  "Fiji": 107,
  "Sunrisers Hyderabad": 108,
  "Royal Challengers Bangalore": 109,
  "Mumbai Indians": 110,
  "Rising Pune Supergiant": 111,
  "Gujarat Lions": 112,
  "Kolkata Knight Riders": 113,
  "Kings XI Punjab": 114,
  "Delhi Daredevils": 115,
  "Tanzania": 116,
  "Nigeria": 117,
  "Ghana": 118,
  "Sierra Leone": 119,
  "Botswana": 120,
  "Zambia": 121,
  "Kuwait": 122,
  "Bahrain": 123,
  "Bhutan": 124,
  "Munster Reds": 125,
  "Canada": 126,
  "Yorkshire Diamonds": 127,
  "Lancashire Thunder": 128,
  "Surrey Stars": 129,
  "St Lucia Stars": 130,
  "France": 131,
  "Norway": 132,
  "Belgium": 133,
  "Austria": 134,
  "Sweden": 135,
  "ICC World XI": 136,
  "Cayman Islands": 137,
  "Guernsey": 138,
  "Central Districts": 139,
  "Auckland": 140,
  "Otago": 141,
  "Wellington": 142,
  "New South Wales": 143,
  "Tasmania": 144,
  "Queensland": 145,
  "Western Australia": 146,
  "Sylhet Sixers": 147,
  "Birmingham Bears": 148,
  "Multan Sultans": 149,
  "Baroda": 150,
  "Mumbai": 151,
  "Gujarat": 152,
  "Maharashtra": 153,
  "Rajasthan": 154,
  "Madhya Pradesh": 155,
  "Himachal": 156,
  "Haryana": 157,
  "Karnataka": 158,
  "Goa": 159,
  "Tripura": 160,
  "Assam": 161,
  "Saurashtra": 162,
  "Vidarbha": 163,
  "Chhattisgarh": 164,
  "Jammu & Kashmir": 165,
  "Services": 166,
  "Hyderabad (India)": 167,
  "Kerala": 168,
  "Andhra": 169,
  "Tamil Nadu": 170,
  "Odisha": 171,
  "Bengal": 172,
  "Uttar Pradesh": 173,
  "Punjab": 174,
  "Delhi": 175,
  "Railways": 176,
  "Jharkhand": 177,
  "Chennai Super Kings": 178,
  "Rajasthan Royals": 179,
  "Maldives": 180,
  "Gambia": 181,
  "Trailblazers": 182,
  "Supernovas": 183,
  "Rwanda": 184,
  "Cyprus": 185,
  "Portugal": 186,
  "Finland": 187,
  "Czech Republic": 188,
  "Manipur": 189,
  "Nagaland": 190,
  "Meghalaya": 191,
  "Sikkim": 192,
  "Arunachal Pradesh": 193,
  "Mizoram": 194,
  "Puducherry": 195,
  "Uttarakhand": 196,
  "Bihar": 197,
  "Panama": 198,
  "Belize": 199,
  "Lesotho": 200,
  "Malawi": 201,
  "Mozambique": 202,
  "South Korea": 203,
  "Myanmar": 204,
  "Cape Town Blitz": 205,
  "Tshwane Spartans": 206,
  "Jozi Stars": 207,
  "Nelson Mandela Bay Giants": 208,
  "Durban Heat": 209,
  "Paarl Rocks": 210,
  "Swaziland": 211,
  "St Helena": 212,
  "Delhi Capitals": 213,
  "Velocity": 214,
  "Mali": 215,
  "Chandigarh": 216,
  "Sylhet Thunder": 217,
  "Chattogram Challengers": 218,
  "Cumilla Warriors": 219,
  "Rangpur Rangers": 220,
  "Dhaka Platoon": 221,
  "Rajshahi Royals": 222,
  "Khulna Tigers": 223,
  "Iran": 224,
  "Sunrisers": 225,
  "South East Stars": 226,
  "Thunder": 227,
  "Central Sparks": 228,
  "Northern Diamonds": 229,
  "Lightning": 230,
  "Luxembourg": 231,
  "Bulgaria": 232,
  "Romania": 233,
  "Kandy Tuskers": 234,
  "Colombo Kings": 235,
  "Galle Gladiators": 236,
  "Jaffna Stallions": 237,
  "Dambulla Viiking": 238,
  "Oval Invincibles": 239,
  "Manchester Originals": 240,
  "London Spirit": 241,
  "Birmingham Phoenix": 242,
  "Southern Brave": 243,
  "Trent Rockets": 244,
  "Welsh Fire": 245,
  "Northern Superchargers": 246,
  "Punjab Kings": 247,
  "Greece": 248,
  "Serbia": 249,
  "Malta": 250,
  "Barbados Royals": 251,
  "St Lucia Kings": 252,
  "Eswatini": 253,
  "Cameroon": 254,
  "Hungary": 255,
  "Estonia": 256,
  "Switzerland": 257,
  "Argentina": 258,
  "Brazil": 259,
  "Seychelles": 260,
  "Bahamas": 261,
  "Barbados": 262,
  "Jaffna Kings": 263,
  "Dambulla Giants": 264,
  "Kandy Warriors": 265,
  "Colombo Stars": 266,
  "Fortune Barishal": 267,
  "Minister Group Dhaka": 268,
  "Sylhet Sunrisers": 269,
  "Boland": 270,
  "Western Province": 271,
  "North West": 272,
  "Lucknow Super Giants": 273,
  "Gujarat Titans": 274,
  "Warriors (FairBreak)": 275,
  "Falcons": 276,
  "Tornadoes": 277,
  "Sapphires": 278,
  "Barmy Army": 279,
  "Spirit": 280,
  "Turkey": 281,
  "Croatia": 282,
  "Slovenia": 283,
  "Kandy Falcons": 284,
  "Dambulla Aura": 285,
  "Himachal Pradesh": 286,
  "Cook Islands": 287,
  "Paarl Royals": 288,
  "MI Cape Town": 289,
  "Joburg Super Kings": 290,
  "Durban's Super Giants": 291,
  "Pretoria Capitals": 292,
  "Sunrisers Eastern Cape": 293,
  "Dubai Capitals": 294,
  "Abu Dhabi Knight Riders": 295,
  "MI Emirates": 296,
  "Sharjah Warriors": 297,
  "Gulf Giants": 298,
  "Desert Vipers": 299,
  "The Blaze": 300,
  "Sylhet Strikers": 301,
  "Dhaka Dominators": 302,
  "Cambodia": 303,
  "Gujarat Giants": 304,
  "UP Warriorz": 305,
  "Texas Super Kings": 306,
  "Los Angeles Knight Riders": 307,
  "San Francisco Unicorns": 308,
  "MI New York": 309,
  "Washington Freedom": 310,
  "Seattle Orcas": 311,
  "Colombo Strikers": 312,
  "Galle Titans": 313,
  "B-Love Kandy": 314,
  "KwaZulu-Natal Inland": 315,
  "Mongolia": 316,
  "Chile": 317,
  "Mexico": 318,
  "Durdanto Dhaka": 319,
  "Royal Challengers Bengaluru": 320,
  "Dambulla Sixers": 321,
  "Galle Marvels": 322,
  "Antigua and Barbuda Falcons": 323,
  "Costa Rica": 324,
  "Ivory Coast": 325,
  "Durbar Rajshahi": 326,
  "Dhaka Capital": 327,
  "Chittagong Kings": 328,
  "Sharjah Warriorz": 329,
  "Biratnagar Kings": 330,
  "Janakpur Bolts": 331,
  "Kathmandu Gurkhas": 332,
  "Chitwan Rhinos": 333,
  "Karnali Yaks": 334,
  "Sudur Paschim Royals": 335,
  "Pokhara Avengers": 336,
  "Lumbini Lions": 337,
  "Suriname": 338,
  "Africa XI": 339,
  "Asia XI": 340,
  "Deccan Chargers": 341,
  "Kochi Tuskers Kerala": 342,
  "Pune Warriors": 343,
  "Impi": 344,
  "Barisal Burners": 345,
  "Duronto Rajshahi": 346,
  "Khulna Royal Bengals": 347,
  "Sylhet Royals": 348,
  "Dhaka Gladiators": 349,
  "Trinidad & Tobago Red Steel": 350,
  "Antigua Hawksbills": 351,
  "Sylhet Super Stars": 352,
  "Rising Pune Supergiants": 353,
  "Windward Islands": 354,
  "Trinidad and Tobago": 355,
  "Jamaica": 356,
  "Guyana": 357,
  "Leeward Islands": 358
}