{
  "South Africa in Australia Test Series": 1,
  "Pakistan in Australia Test Series": 2,
  "Pakistan in Australia ODI Series": 3,
  "Sri Lanka in Australia T20I Series": 4,
  "Chappell-Hadlee Trophy": 5,
  "Cricket Ireland Inter-Provincial Limited Over Cup": 6,
  "Cricket Ireland Inter-Provincial Twenty20 Trophy": 7,
  "CSA T20 Challenge": 8,
  "ICC Intercontinental Cup": 9,
  "ICC World Cricket League Championship": 10,
  "Hong Kong in Scotland ODI Series": 11,
  "Hong Kong in Ireland T20I Series": 12,
  "India in Zimbabwe ODI Series": 13,
  "India in Zimbabwe T20I Series": 14,
  "Caribbean Premier League": 15,
  "Bangladesh in New Zealand ODI Series": 16,
  "Bangladesh in New Zealand T20I Series": 17,
  "Bangladesh in New Zealand Test Series": 18,
  "Pakistan in New Zealand Test Series": 19,
  "South Africa in New Zealand ODI Series": 20,
  "South Africa in New Zealand Test Series": 21,
  "ICC Champions Trophy": 22,
  "India in West Indies Test Series": 23,
  "Big Bash League": 24,
  "Women's Big Bash League": 25,
  "New Zealand in Zimbabwe Test Series": 26,
  "Papua New Guinea in Hong Kong ODI Series": 27,
  "England in West Indies ODI Series": 28,
  "Ireland in England ODI Series": 29,
  "England in Bangladesh ODI Series": 30,
  "England in Bangladesh Test Series": 31,
  "New Zealand in India Test Series": 32,
  "New Zealand in India ODI Series": 33,
  "South Africa in England ODI Series": 34,
  "South Africa in England T20I Series": 35,
  "Basil D'Oliveira Trophy": 36,
  "South Africa tour of England": 37,
  "West Indies tour of England": 38,
  "Ireland Tri-Nation Series": 39,
  "ICC Women's World Cup Qualifying Series Europe Region": 40,
  "England in India Test Series": 41,
  "England in India ODI Series": 42,
  "England in India T20I Series": 43,
  "Women's Cricket Super League": 44,
  "Sheffield Shield": 45,
  "South Africa Women in Bangladesh ODI Series": 46,
  "West Indies v India T20I Series": 47,
  "ICC Women's Championship": 48,
  "South Africa Women in Australia ODI Series": 49,
  "New Zealand Women in Australia T20I Series": 50,
  "Australia Women in Sri Lanka ODI Series": 51,
  "ICC World Cricket League Europe Region Division Two Twenty20": 52,
  "Saudari Cup": 53,
  "Pakistan v West Indies T20I Series": 54,
  "Pakistan v West Indies ODI Series": 55,
  "Pakistan v West Indies Test Series": 56,
  "Pakistan Women in New Zealand ODI Series": 57,
  "Rose Bowl": 58,
  "Plunket Shield": 59,
  "Kenya T20 Quadrangular Series": 60,
  "Sri Lanka in Zimbabwe Test Series": 61,
  "Zimbabwe Tri-Nation Series": 62,
  "ICC World Cricket League Division Four": 63,
  "Australia in India Test Series": 64,
  "Border-Gavaskar Trophy": 65,
  "England Women in Sri Lanka ODI Series": 66,
  "Bangladesh Premier League": 67,
  "East Asia Cup": 68,
  "Asian Cricket Council Women's Twenty20 Asia Cup": 69,
  "NatWest T20 Blast": 70,
  "Royal London One-Day Cup": 71,
  "Specsavers County Championship": 72,
  "England tour of Australia and New Zealand": 73,
  "Trans-Tasman Twenty20 Trophy": 74,
  "ICC Women's World Cup Qualifier": 75,
  "Desert T20 Challenge": 76,
  "Bangladesh tour of South Africa": 77,
  "Australia tour of South Africa": 78,
  "Pakistan Super League": 79,
  "Pakistan in West Indies T20I Series": 80,
  "Pakistan in West Indies ODI Series": 81,
  "Pakistan in West Indies Test Series": 82,
  "United Arab Emirates Tri-Nation Series": 83,
  "Ireland in United Arab Emirates ODI Series": 84,
  "ICC World Cricket League East Asia-Pacific Region Qualifiers": 85,
  "Indian Premier League": 86,
  "Bangladesh in Sri Lanka Test Series": 87,
  "Bangladesh in Sri Lanka ODI Series": 88,
  "Bangladesh in Sri Lanka T20I Series": 89,
  "ICC Women's World Cup": 90,
  "Women's Ashes": 91,
  "England Women tour of Australia": 92,
  "ICC World Cricket League Africa Region Qualifiers": 93,
  "Papua New Guinea in United Arab Emirates ODI Series": 94,
  "Papua New Guinea in United Arab Emirates T20I Series": 95,
  "Zimbabwe in Scotland ODI Series": 96,
  "ICC World Cricket League Asia Region Division One": 97,
  "Women's Quadrangular Series (in South Africa)": 98,
  "ICC Women's World Twenty20 Qualifying Series East Asia-Pacific Region": 99,
  "ICC World Cricket League Division Three": 100,
  "India in West Indies ODI Series": 101,
  "ICC World Cricket League Europe Region Division One": 102,
  "Australia tour of Bangladesh": 103,
  "Zimbabwe in Sri Lanka ODI Series": 104,
  "Zimbabwe tour of Sri Lanka": 105,
  "India tour of Sri Lanka": 106,
  "West Indies tour of New Zealand": 107,
  "Pakistan tour of New Zealand": 108,
  "ICC Women's World Twenty20 Qualifying Series European-Americas Region": 109,
  "Independence Cup": 110,
  "ICC World Cricket League Division Five": 111,
  "Super Smash": 112,
  "ICC Women's World Twenty20 Qualifying Series Africa Region": 113,
  "Australia tour of India": 114,
  "Pakistan tour of Ireland, England and Scotland": 115,
  "Australia tour of England": 116,
  "India tour of Ireland and England": 117,
  "New Zealand tour of India": 118,
  "Sri Lanka tour of United Arab Emirates and Pakistan": 119,
  "Pakistan tour of United Arab Emirates": 120,
  "ICC Women's World Twenty20 Qualifying Series Asia Region": 121,
  "India tour of South Africa": 122,
  "Zimbabwe tour of South Africa": 123,
  "Sri Lanka tour of India": 124,
  "West Indies tour of Zimbabwe": 125,
  "Sri Lanka Women tour of West Indies": 126,
  "New Zealand Women tour of United Arab Emirates": 127,
  "India Women tour of South Africa": 128,
  "Ram Slam T20 Challenge": 129,
  "England Tri-Nation T20 Women's Series": 130,
  "Vitality Blast": 131,
  "Syed Mushtaq Ali Trophy": 132,
  "Tri-Nation Tournament in Bangladesh": 133,
  "Sri Lanka tour of Bangladesh": 134,
  "India Tri-Nation Women's T20 Series": 135,
  "England Women tour of India": 136,
  "ICC Cricket World Cup Qualifier": 137,
  "ICC Cricket World Cup Qualifier (ICC Trophy)": 138,
  "Nidahas Trophy": 139,
  "ICC World Cricket League Division Two": 140,
  "Sri Lanka tour of West Indies": 141,
  "West Indies Women tour of New Zealand": 142,
  "Pakistan Women tour of Sri Lanka": 143,
  "West Indies tour of Pakistan": 144,
  "England tour of Sri Lanka": 145,
  "ICC World XI tour of England": 146,
  "Marylebone Cricket Club Tri-Nation T20 Series": 147,
  "ICC World Twenty20 Asia Region Qualifier A": 148,
  "Netherlands Tri-Nation T20I Series": 149,
  "South Africa tour of Sri Lanka": 150,
  "Zimbabwe Twenty20 Tri-Series": 151,
  "Pakistan tour of Zimbabwe": 152,
  "ICC World Twenty20 Africa Region Qualifier A": 153,
  "Pakistan tour of South Africa": 154,
  "Sri Lanka tour of South Africa": 155,
  "Bangladesh Women tour of South Africa": 156,
  "World Cup": 157,
  "New Zealand Women tour of Australia": 158,
  "South Africa tour of Australia": 159,
  "India tour of Australia": 160,
  "Sri Lanka tour of Australia": 161,
  "New Zealand Women tour of Ireland and England": 162,
  "Bangladesh Women tour of Ireland": 163,
  "Bangladesh tour of West Indies and United States of America": 164,
  "Women's T20 Challenge Match": 165,
  "ICC Women's T20 Qualifier": 166,
  "Women's Twenty20 Asia Cup": 167,
  "ICC Women's T20 World Cup": 168,
  "ICC World Twenty20 Africa Region Qualifier B": 169,
  "Ireland tour of England": 170,
  "Pakistan tour of England": 171,
  "The Ashes": 172,
  "Asia Cup": 173,
  "West Indies tour of Bangladesh": 174,
  "Zimbabwe tour of Bangladesh": 175,
  "India tour of New Zealand": 176,
  "Sri Lanka tour of New Zealand": 177,
  "Bangladesh tour of New Zealand": 178,
  "India in New Zealand ODI Series": 179,
  "India Women tour of New Zealand": 180,
  "Asia Cup Qualifiers": 181,
  "ICC World Twenty20 East Asia-Pacific Region Qualifier A": 182,
  "ICC World Twenty20 Europe Region Qualifier A": 183,
  "South Africa Women tour of West Indies": 184,
  "ICC World Twenty20 Europe Region Qualifier B": 185,
  "ICC World Twenty20 Europe Region Qualifier C": 186,
  "Australia tour of United Arab Emirates": 187,
  "New Zealand tour of United Arab Emirates": 188,
  "ICC World Twenty20 Americas Sub Regional Qualifier A": 189,
  "India Women tour of Sri Lanka": 190,
  "West Indies tour of India": 191,
  "England tour of West Indies": 192,
  "Botswana Cricket Association Women's T20I Series": 193,
  "ICC World Twenty20 Asia Region Qualifier B": 194,
  "England tour of Ireland": 195,
  "Australia Women v Pakistan Women T20I Series": 196,
  "Mzansi Super League": 197,
  "ICC World Twenty20 Africa Region Qualifier C": 198,
  "ICC World Twenty20 East Asia-Pacific Region Qualifier B": 199,
  "West Indies Women tour of England and Ireland": 200,
  "Australia Women tour of England": 201,
  "Sri Lanka Women tour of South Africa": 202,
  "Sri Lanka in South Africa ODI Series": 203,
  "Zimbabwe tour of Netherlands and Ireland": 204,
  "Ireland v Zimbabwe": 205,
  "Sri Lanka tour of England and Scotland": 206,
  "Nepal tour of United Arab Emirates": 207,
  "Pakistan vs West Indies ODI Series": 208,
  "West Indies Women tour of Pakistan and United Arab Emirates": 209,
  "Oman Quadrangular T20I Series": 210,
  "ICC Women's T20 World Cup Asia Region Qualifier": 211,
  "England Women tour of Sri Lanka": 212,
  "ICC World Twenty20 East Asia-Pacific Region Final": 213,
  "Pakistan Women tour of South Africa": 214,
  "United States of America tour of United Arab Emirates": 215,
  "Germany tour of Netherlands": 216,
  "Botswana Women tour of Namibia": 217,
  "United Arab Emirates tour of Zimbabwe": 218,
  "Women's T20 Challenge": 219,
  "ICC Women's T20 World Cup Africa Region Qualifier": 220,
  "ICC Women's T20 World Cup East Asia-Pacific Region Qualifier": 221,
  "Sri Lanka Women tour of Australia": 222,
  "Pakistan tour of Australia": 223,
  "Trans-Tasman Trophy": 224,
  "New Zealand tour of Australia": 225,
  "Australia Tri-Nation Women's T20 Series": 226,
  "ICC Women's T20 World Cup Americas Region Qualifier": 227,
  "ICC Men's T20 World Cup Africa Region Final": 228,
  "ICC Men's T20 World Cup Europe Region Final": 229,
  "England tour of South Africa": 230,
  "Malaysia Tri-Nation T20I Series": 231,
  "South Africa tour of India": 232,
  "South Africa in India Test Series": 233,
  "Bangladesh tour of India": 234,
  "Bangladesh in India Test Series": 235,
  "England tour of New Zealand": 236,
  "England in New Zealand Test Series": 237,
  "India in New Zealand Test Series": 238,
  "South Africa Women in New Zealand ODI Series": 239,
  "South Africa Women tour of New Zealand": 240,
  "India tour of United States of America and West Indies": 241,
  "Kwibuka Women's Twenty20 Tournament": 242,
  "ICC Women's T20 World Cup Europe Region Qualifier": 243,
  "Women's T20I Quadrangular Series (in Netherlands)": 244,
  "ICC Men's T20 World Cup Asia Region Final": 245,
  "United Arab Emirates tour of Netherlands": 246,
  "Nepal tour of Malaysia": 247,
  "New Zealand in Sri Lanka Test Series": 248,
  "New Zealand tour of Sri Lanka": 249,
  "Bangladesh tour of Sri Lanka": 250,
  "Nigeria Women tour of Rwanda": 251,
  "Marsh Sheffield Shield": 252,
  "ICC Men's Cricket World Cup League 2": 253,
  "ICC Women's T20 World Cup Qualifier": 254,
  "Bangladesh Twenty20 Tri-Series": 255,
  "Women's Twenty20 East Asia Cup": 256,
  "ICC Men's T20 World Cup Americas Region Final": 257,
  "Botswana tour of Namibia": 258,
  "Oman Pentangular T20I Series": 259,
  "New Zealand Cricket Women's Twenty20": 260,
  "Australia Women tour of West Indies": 261,
  "South Africa Women tour of India": 262,
  "Sri Lanka tour of Pakistan": 263,
  "ICC Men's T20 World Cup Qualifier": 264,
  "Ireland Tri-Nation T20I Series": 265,
  "CWC Challenge League": 266,
  "Iberia Cup": 267,
  "Singapore Twenty20 Tri-Series": 268,
  "Vanuatu tour of Malaysia": 269,
  "India Women in West Indies": 270,
  "India Women tour of West Indies": 271,
  "Ireland tour of West Indies": 272,
  "Bangladesh Women tour of Pakistan": 273,
  "Sri Lanka in Pakistan Test Series": 274,
  "Germany tour of Spain": 275,
  "England Women ODI tour of Malaysia": 276,
  "England Women tour of Malaysia": 277,
  "South Asian Games Men's Cricket Competition": 278,
  "South Asian Games Women's Cricket Competition": 279,
  "Sri Lanka tour of Zimbabwe": 280,
  "Bangladesh tour of Pakistan": 281,
  "Bangladesh in Pakistan Test Series": 282,
  "West Indies tour of Sri Lanka": 283,
  "Germany Women tour of Oman": 284,
  "Hong Kong tour of Malaysia": 285,
  "ACC Western Region T20": 286,
  "ACC Eastern Region T20": 287,
  "Bob Willis Trophy": 288,
  "Germany Women tour of Austria": 289,
  "Rachael Heyhoe Flint Trophy": 290,
  "Luxembourg Twenty20 Tri-Series": 291,
  "Isle of Man tour of Guernsey": 292,
  "West Indies Women tour of England": 293,
  "Zimbabwe tour of Pakistan": 294,
  "Australia tour of New Zealand": 295,
  "Balkan Cup": 296,
  "Lanka Premier League": 297,
  "Sri Lanka tour of England": 298,
  "India tour of England": 299,
  "South Africa tour of Pakistan": 300,
  "England tour of India": 301,
  "India v England": 302,
  "ICC Men's Cricket World Cup Super League": 303,
  "County Championship": 304,
  "Ireland tour of United Arab Emirates": 305,
  "New Zealand tour of England": 306,
  "England Women tour of New Zealand": 307,
  "Australia Women tour of New Zealand": 308,
  "Pakistan Women tour of Zimbabwe": 309,
  "ICC World Test Championship": 310,
  "South Africa tour of Ireland": 311,
  "Ireland tour of Netherlands": 312,
  "West Indies v Sri Lanka": 313,
  "Charlotte Edwards Cup": 314,
  "The Hundred Men's Competition": 315,
  "The Hundred Women's Competition": 316,
  "India Women v South Africa Women": 317,
  "Sri Lanka v Bangladesh": 318,
  "Uganda tour of Namibia": 319,
  "Nepal Tri-Nation T20I Series": 320,
  "Scotland tour of Netherlands": 321,
  "India Women tour of England": 322,
  "New Zealand Women tour of England": 323,
  "Scotland Women tour of Ireland": 324,
  "South Africa tour of West Indies": 325,
  "Australia tour of West Indies": 326,
  "Pakistan tour of West Indies": 327,
  "India Women tour of Australia": 328,
  "Central Europe Cup": 329,
  "Sofia Twenty20": 330,
  "Pakistan Women tour of West Indies": 331,
  "Bangladesh tour of Zimbabwe": 332,
  "Belgium tour of Malta": 333,
  "France Women tour of Germany": 334,
  "Netherlands Women tour of Ireland": 335,
  "Germany T20 Tri-Series": 336,
  "New Zealand tour of Bangladesh": 337,
  "Zimbabwe tour of Ireland and Scotland": 338,
  "Thailand Women tour of Zimbabwe": 339,
  "Sweden tour of Denmark": 340,
  "Portugal T20 Tri-Series": 341,
  "Ghana tour of Rwanda": 342,
  "Sweden tour of Finland": 343,
  "ICC Men's T20 World Cup": 344,
  "Uganda T20 Tri-Series": 345,
  "Norway Women tour of Sweden": 346,
  "Continental Cup": 347,
  "Papua New Guinea v United States of America ODI Series": 348,
  "Nepal v Papua New Guinea ODI Series": 349,
  "Netherlands tour of South Africa": 350,
  "Ireland tour of United States of America and West Indies": 351,
  "West Indies Women tour of South Africa": 352,
  "Pakistan tour of Bangladesh": 353,
  "Estonia tour of Cyprus": 354,
  "Cyprus T20 Tri-Series": 355,
  "Namibia v Scotland T20I Match": 356,
  "Namibia v Papua New Guinea T20I Match": 357,
  "Papua New Guinea v Scotland T20I Match": 358,
  "Ireland Women tour of Zimbabwe": 359,
  "England tour of Netherlands": 360,
  "Valletta Cup": 361,
  "ICC Men's T20 World Cup Europe Region Qualifier": 362,
  "ICC Men's T20 World Cup Sub Regional Africa Qualifier Group A & B": 363,
  "ICC Men's T20 World Cup Sub Regional Africa Qualifier": 364,
  "Sierra Leone tour of Nigeria": 365,
  "ICC Men's T20 World Cup Asia A Qualifier": 366,
  "ICC Men's T20 World Cup Americas Region Qualifier": 367,
  "ICC Women's Cricket World Cup Qualifier": 368,
  "West Indies Women tour of Pakistan": 369,
  "Australia tour of Pakistan": 370,
  "Bangladesh Women in Zimbabwe ODI Series": 371,
  "South Africa tour of New Zealand": 372,
  "Netherlands tour of New Zealand": 373,
  "ICC Men's T20 World Cup Africa Region Qualifier": 374,
  "Commonwealth Games Women's Cricket Competition": 375,
  "Nepal Women tour of Qatar": 376,
  "Women's Super Smash": 377,
  "Commonwealth Games Women's Cricket Competition Qualifiers": 378,
  "Bangladesh Women tour of Malaysia": 379,
  "Scotland Women tour of Malaysia": 380,
  "Kenya Women tour of Malaysia": 381,
  "Sri Lanka Women tour of Malaysia": 382,
  "ICC Men\u00e2\u20ac\u2122s T20 World Cup Qualifier A": 383,
  "ICC Men's T20 World Cup Qualifier A": 384,
  "South Africa Women tour of England": 385,
  "West Indies tour of Netherlands": 386,
  "India tour of Ireland": 387,
  "New Zealand tour of Ireland": 388,
  "Papua New Guinea tour of Nepal": 389,
  "GCC Women's Twenty20 Championship Cup": 390,
  "Australia tour of Sri Lanka": 391,
  "New Zealand tour of Scotland": 392,
  "Ireland Women tour of Pakistan": 393,
  "Spain Triangular T20I Series": 394,
  "Finland tour of Denmark": 395,
  "Inter-Insular T20 Series": 396,
  "Capricorn Women's Tri-Series": 397,
  "New Zealand tour of Netherlands": 398,
  "Namibia tour of Zimbabwe": 399,
  "Sri Lanka Women tour of Pakistan": 400,
  "Pakistan tour of Netherlands": 401,
  "Hong Kong Women tour of United Arab Emirates": 402,
  "FairBreak Invitational Tournament": 403,
  "Uganda Women tour of Nepal": 404,
  "South Africa Women tour of Ireland": 405,
  "Bangladesh tour of West Indies": 406,
  "Zimbabwe tour of Australia": 407,
  "West Indies tour of Australia": 408,
  "England tour of Australia": 409,
  "Ireland Tri-Nation Women's T20I Series": 410,
  "India tour of West Indies": 411,
  "New Zealand tour of West Indies": 412,
  "Asian Cricket Council Women's T20 Championship": 413,
  "Pakistan tour of Sri Lanka": 414,
  "ICC Men's T20 World Cup Sub Regional Europe Qualifier Group C": 415,
  "Inter-Insular Women's Twenty20 Series": 416,
  "ICC Men's T20 World Cup Sub Regional Europe Qualifier": 417,
  "Malaysia tour of Singapore": 418,
  "Namibia Women tour of Netherlands": 419,
  "Quadrangular Twenty20 Series (Malaysia)": 420,
  "Papua New Guinea tour of Singapore": 421,
  "New Zealand T20I Tri-Series": 422,
  "Bangladesh Women tour of New Zealand": 423,
  "Women's Caribbean Premier League": 424,
  "Bulgaria tour of Serbia": 425,
  "India tour of Zimbabwe": 426,
  "England tour of Pakistan": 427,
  "Bahrain tour of Oman": 428,
  "Nepal tour of Kenya": 429,
  "Ireland Women tour of Netherlands": 430,
  "Men's T20 Asia Cup Qualifier": 431,
  "Women's T20I Quadrangular Series (in UAE)": 432,
  "Ireland Women tour of Scotland": 433,
  "Africa Cricket Association Cup": 434,
  "ICC Men's T20 World Cup East Asia-Pacific Region Qualifier A": 435,
  "Indonesia tour of Japan": 436,
  "New Zealand Women tour of West Indies": 437,
  "Women's Asia Cup": 438,
  "Bangladesh tour of United Arab Emirates": 439,
  "Sri Lanka Women tour of England": 440,
  "ICC Men's T20 World Cup East Asia-Pacific Region Qualifier B": 441,
  "Women's East Asia Cup": 442,
  "Women's T20 Pentangular Series (in Spain)": 443,
  "West Indies tour of South Africa": 444,
  "New Zealand tour of Pakistan": 445,
  "India tour of Bangladesh": 446,
  "United Arab Emirates tour of Nepal": 447,
  "England Women tour of West Indies": 448,
  "SA20": 449,
  "Netherlands Women tour of Thailand": 450,
  "South Africa Women's T20I Tri-Series": 451,
  "Desert Cup T20I Series": 452,
  "Pakistan Women tour of Australia": 453,
  "Australia Women tour of India": 454,
  "Kenya Quadrangular Women's T20 Series": 455,
  "International League T20": 456,
  "One-Day Cup": 457,
  "Ireland tour of Zimbabwe": 458,
  "Tri-Nation T20 Cup (Rwanda)": 459,
  "England tour of Bangladesh": 460,
  "Isle of Man tour of Spain": 461,
  "Ireland tour of Bangladesh": 462,
  "Singapore Women tour of Cambodia": 463,
  "Women's Premier League": 464,
  "Bermuda tour of Argentina": 465,
  "Quadrangular Twenty20 Series (Hong Kong)": 466,
  "Netherlands tour of Zimbabwe": 467,
  "Ireland tour of Sri Lanka": 468,
  "Ireland v Bangladesh": 469,
  "ICC Cricket World Cup Qualifier Play-off": 470,
  "Nigeria Cricket Federation Women's T20I Tournament": 471,
  "Zimbabwe Women tour of Thailand": 472,
  "Gibraltar tour of Portugal": 473,
  "Gibraltar Tri-Nation T20I Series": 474,
  "ACC Men's Premier Cup": 475,
  "Bangladesh Women tour of Sri Lanka": 476,
  "Nordic T20 Cup": 477,
  "Women's T20 Quadrangular Series (in Namibia)": 478,
  "West Indies Women tour of Australia": 479,
  "South Africa Women tour of Australia": 480,
  "Nepal Women tour of Malaysia": 481,
  "West Indies tour of United Arab Emirates": 482,
  "ICC Women's T20 World Cup Europe Division 2 Qualifier": 483,
  "Ireland Women tour of West Indies": 484,
  "Australia Women tour of Ireland": 485,
  "Africa Continental Cup": 486,
  "Asian Cricket Council Women's Emerging Teams Cup": 487,
  "New Zealand Women tour of Sri Lanka": 488,
  "Belgium tour of Germany": 489,
  "Hungary tour of Czech Republic": 490,
  "India tour of West Indies and United States of America": 491,
  "Major League Cricket": 492,
  "Austria tour of Netherlands": 493,
  "Quadrangular Twenty20 Series (Bulgaria)": 494,
  "South Africa Women tour of Pakistan": 495,
  "India Women tour of Bangladesh": 496,
  "ICC Men's T20 World Cup East Asia-Pacific Qualifier": 497,
  "ICC Men's T20 World Cup Asia B Qualifier": 498,
  "ICC Cricket World Cup": 499,
  "Thailand Women tour of Netherlands": 500,
  "Netherlands Women's T20I Tri-Series": 501,
  "Mdina Cup": 502,
  "Women's Continental Cup": 503,
  "Pakistan Women tour of New Zealand": 504,
  "Croatia tour of Hungary": 505,
  "Estonia tour of Gibraltar": 506,
  "Myanmar Women tour of Singapore": 507,
  "Nordic Women T20 Cup": 508,
  "Jersey Women tour of Netherlands": 509,
  "New Zealand Women tour of South Africa": 510,
  "Gulf Cricket T20I Championship": 511,
  "East Africa Cup": 512,
  "Women's T20 Quadrangular Series (in Malaysia)": 513,
  "Japan Women tour of Vanuatu": 514,
  "ICC Women's T20 World Cup Africa Region Division Two Qualifier": 515,
  "Pakistan Women tour of England": 516,
  "Asian Games Women's Cricket Competition": 517,
  "Asian Games Men's Cricket Competition": 518,
  "ICC Men's T20 World Cup Sub Regional Asia Qualifier A": 519,
  "Namibia Women tour of United Arab Emirates": 520,
  "Serbia tour of Gibraltar": 521,
  "Luxembourg tour of Gibraltar": 522,
  "West Africa Trophy": 523,
  "Chile Women tour of Argentina": 524,
  "South American Men's Championships": 525,
  "Ireland Women v Scotland Women": 526,
  "Zimbabwe tour of Namibia": 527,
  "Pakistan Women tour of Bangladesh": 528,
  "ICC Men\u00e2\u20ac\u2122s T20 World Cup Asia Qualifier Final": 529,
  "ICC Men's T20 World Cup Asia Qualifier Final": 530,
  "Cambodia tour of Indonesia": 531,
  "Women's T20 Quadrangular Series (in Hong Kong)": 532,
  "Philippines tour of Indonesia": 533,
  "Asian Cricket Council Men's Challenger Cup": 534,
  "Kuwait Women tour of Malaysia": 535,
  "Asian Cricket Council Women's Premier Cup": 536,
  "Canada tour of Nepal": 537,
  "Quadrangular Twenty20 Series (Thailand)": 538,
  "Scotland tour of United Arab Emirates": 539,
  "Hong Kong tour of Qatar": 540,
  "Malaysia Open T20 Championship": 541,
  "Papua New Guinea tour of Oman": 542,
  "Nepal tour of Hong Kong": 543,
  "Hong Kong Men's T20I Series": 544,
  "Women's African Games": 545,
  "African Games": 546,
  "Australia Women tour of Bangladesh": 547,
  "Papua New Guinea tour of Malaysia": 548,
  "Canada tour of United States of America": 549,
  "Bangladesh tour of United States of America": 550,
  "Papua New Guinea Women tour of Zimbabwe": 551,
  "Namibia tour of Oman": 552,
  "Jersey tour of Spain": 553,
  "Pakistan tour of Ireland": 554,
  "Estonia Women tour of Gibraltar": 555,
  "UAE Women's ODI Tri-Series": 556,
  "Central American Cricket Championships": 557,
  "Ireland Women v Thailand Women T20I Series": 558,
  "Mongolia Women tour of Indonesia": 559,
  "BCA Kalahari Women's T20 International Tournament": 560,
  "Sri Lanka Women tour of Ireland": 561,
  "England Women tour of Ireland": 562,
  "Zimbabwe tour of Ireland": 563,
  "Ireland vs South Africa": 564,
  "Mongolia tour of Japan": 565,
  "Thailand tour of Indonesia": 566,
  "England Women tour of South Africa": 567,
  "Italy Women tour of Netherlands": 568,
  "West Indies Women tour of Sri Lanka": 569,
  "Jersey tour of Denmark": 570,
  "Women Central Europe Cup": 571,
  "Estonia Women tour of Cyprus": 572,
  "Hong Kong Women tour of Netherlands": 573,
  "Jersey tour of Guernsey": 574,
  "Indonesia Women's T20I Tri-Series": 575,
  "Australia tour of Scotland": 576,
  "Twenty20 Quadrangular (in Kenya)": 577,
  "Pakistan Tri-Nation Series": 578,
  "Nigeria tour of Kenya": 579,
  "Germany Women's T20I Tri-Series": 580,
  "Netherlands Women's ODI Tri-Series": 581,
  "Italy Women in Germany T20I Match": 582,
  "Spain tour of Croatia": 583,
  "ICC Men's T20 World Cup Asia Qualifier A": 584,
  "Women's Valletta Cup": 585,
  "Namibia Women's T20I Tri-Series": 586,
  "Women's T20I Quadrangular Series (in Denmark)": 587,
  "Rwanda Women tour of Kenya": 588,
  "Cyprus Women tour of Serbia": 589,
  "Japan tour of South Korea": 590,
  "Namibia T20 Tri-Series": 591,
  "Canada T20 Tri-Series": 592,
  "Spain Women tour of Greece": 593,
  "Singapore Women tour of Japan": 594,
  "South Africa tour of Bangladesh": 595,
  "Nepal tour of United States of America": 596,
  "Bhutan Quadrangular T20I Series": 597,
  "Rwanda tour of Malawi": 598,
  "New Zealand Women tour of India": 599,
  "Netherlands tour of Oman": 600,
  "Bulgaria Women tour of Serbia": 601,
  "United States of America Women tour of Zimbabwe": 602,
  "Seychelles in Kenya T20I Match": 603,
  "Singapore Women's T20I Tri-Series": 604,
  "Bulgaria Women tour of Greece": 605,
  "Women's T20I Quadrangular Series (in China)": 606,
  "Myanmar tour of Indonesia": 607,
  "ICC Men's T20 World Cup Asia Qualifier B": 608,
  "Bahrain tour of Uganda": 609,
  "Kenya Women tour of Rwanda": 610,
  "Ireland Women tour of Bangladesh": 611,
  "ICC Men's T20 World Cup Sub Regional Africa Qualifier Group C": 612,
  "Costa Rica Women tour of Mexico": 613,
  "West Indies Women tour of India": 614,
  "Ireland Women tour of India": 615,
  "Nepal Premier League": 616,
  "Namibia Women tour of Malaysia": 617,
  "ICC Men's T20 World Cup Sub Regional Americas Qualifier": 618,
  "Bahrain Women tour of Qatar": 619,
  "Gulf T20I Championship": 620,
  "Jersey Women tour of Gibraltar": 621,
  "Myanmar Women tour of Bhutan": 622,
  "Philippines Women tour of Singapore": 623,
  "Bangladesh Women tour of West Indies": 624,
  "Nepal Women's T20I Tri-Series": 625,
  "Malta Tri-Nation T20I Series": 626,
  "Bangladesh tour of England": 627,
  "NatWest Challenge": 628,
  "Australia tour of England and Scotland": 629,
  "Indian Oil Cup": 630,
  "New Zealand tour of Zimbabwe": 631,
  "Asia XI tour of South Africa": 632,
  "Videocon Triangular Series": 633,
  "ICC World XI tour of Australia": 634,
  "New Zealand tour of South Africa": 635,
  "India Women tour of Ireland and England": 636,
  "NatWest Series": 637,
  "Pakistan tour of England and Scotland": 638,
  "VB Series": 639,
  "Sri Lanka in New Zealand ODI Series": 640,
  "India tour of Pakistan": 641,
  "India in Pakistan ODI Series": 642,
  "West Indies in New Zealand ODI Series": 643,
  "Sri Lanka in Bangladesh ODI Series": 644,
  "Australia in Bangladesh ODI Series": 645,
  "Australia in South Africa ODI Series": 646,
  "Pakistan in Sri Lanka ODI Series": 647,
  "Zimbabwe in West Indies ODI Series": 648,
  "DLF Cup": 649,
  "ICC World Cup": 650,
  "Bangladesh in Zimbabwe ODI Series": 651,
  "India in South Africa ODI Series": 652,
  "Commonwealth Bank Series": 653,
  "Bangladesh in Kenya ODI Series": 654,
  "Pakistan in South Africa ODI Series": 655,
  "Sri Lanka in New Zealand T20I Series": 656,
  "Zimbabwe in South Africa ODI Series": 657,
  "India in Sri Lanka ODI Series": 658,
  "West Indies in Pakistan ODI Series": 659,
  "West Indies tour of England and Ireland": 660,
  "West Indies in England T20I Series": 661,
  "India tour of Ireland, England and Scotland": 662,
  "ICC Tri-Series (in South Africa)": 663,
  "Zimbabwe in Bangladesh ODI Series": 664,
  "ICC World Cricket League Division One": 665,
  "West Indies in India ODI Series": 666,
  "Sri Lanka in India ODI Series": 667,
  "Women's Quadrangular Series": 668,
  "India in Bangladesh ODI Series": 669,
  "ICC World Twenty20": 670,
  "Afro-Asia Cup": 671,
  "England in Sri Lanka ODI Series": 672,
  "Future Cup": 673,
  "Quadrangular Series (Ireland)": 674,
  "Canada in Kenya ODI Series": 675,
  "New Zealand in England Test Series": 676,
  "Australia in India ODI Series": 677,
  "Pakistan in India ODI Series": 678,
  "Pakistan tour of India": 679,
  "New Zealand in South Africa ODI Series": 680,
  "West Indies tour of Zimbabwe and South Africa": 681,
  "Sir Vivian Richards Trophy": 682,
  "West Indies in South Africa T20I Series": 683,
  "West Indies in South Africa ODI Series": 684,
  "South Africa in Pakistan ODI Series": 685,
  "England in New Zealand T20I Series": 686,
  "England in New Zealand ODI Series": 687,
  "South Africa in Zimbabwe ODI Series": 688,
  "ICC Women's World Cup Qualifying Series": 689,
  "England Women tour of Australia and New Zealand": 690,
  "Bermuda in Kenya ODI Series": 691,
  "West Indies in Zimbabwe ODI Series": 692,
  "Sri Lanka in West Indies Test Series": 693,
  "Sri Lanka in West Indies ODI Series": 694,
  "The Frank Worrell Trophy": 695,
  "Australia in West Indies ODI Series": 696,
  "South Africa in Bangladesh Test Series": 697,
  "South Africa in Bangladesh ODI Series": 698,
  "Bermuda in Canada ODI Series": 699,
  "Kenya in Scotland ODI Series": 700,
  "Kenya in Ireland ODI Series": 701,
  "European Championship Division One": 702,
  "Tri-Nation Tournament in Kenya": 703,
  "Zimbabwe in Pakistan ODI Series": 704,
  "Bangladesh in Australia ODI Series": 705,
  "India in Sri Lanka Test Series": 706,
  "Bangladesh in Pakistan ODI Series": 707,
  "Kitply Cup": 708,
  "Australia in England T20I Series": 709,
  "Bangladesh in South Africa Test Series": 710,
  "Bangladesh in South Africa ODI Series": 711,
  "Australia in South Africa Test Series": 712,
  "Australia in South Africa T20I Series": 713,
  "South Africa in Australia ODI Series": 714,
  "South Africa in Australia T20I Series": 715,
  "The Wisden Trophy": 716,
  "ICC World Twenty20 Qualifier": 717,
  "ICC Women's World Twenty20": 718,
  "Kenya in South Africa ODI Series": 719,
  "T20 Canada": 720,
  "New Zealand in Bangladesh Test Series": 721,
  "India in New Zealand T20I Series": 722,
  "West Indies in New Zealand T20I Series": 723,
  "Sri Lanka in Zimbabwe ODI Series": 724,
  "Sri Lanka in Bangladesh Test Series": 725,
  "Australia Women in England ODI Series": 726,
  "Zimbabwe in Kenya ODI Series": 727,
  "Sri Lanka in Pakistan ODI Series": 728,
  "England in South Africa T20I Series": 729,
  "England in South Africa ODI Series": 730,
  "ICC World Cup Qualifiers": 731,
  "Australia v Pakistan ODI Series": 732,
  "Bangladesh in West Indies Test Series": 733,
  "Bangladesh in West Indies ODI Series": 734,
  "Pakistan in Sri Lanka Test Series": 735,
  "Compaq Cup": 736,
  "New Zealand in Sri Lanka T20I Series": 737,
  "West Indies in Australia ODI Series": 738,
  "West Indies in Australia T20I Series": 739,
  "ICC Intercontinental Shield": 740,
  "Kenya in Canada ODI Series": 741,
  "West Indies Women in South Africa ODI Series": 742,
  "West Indies Women in South Africa T20I Series": 743,
  "Australia in New Zealand T20I Series": 744,
  "MCC Spirit of Cricket T20I Series": 745,
  "MCC Spirit of Cricket Test Series": 746,
  "Bangladesh in England Test Series": 747,
  "Pakistan in England Test Series": 748,
  "Pakistan in England T20I Series": 749,
  "Pakistan v New Zealand ODI Series": 750,
  "Pakistan v New Zealand T20I Series": 751,
  "Sri Lanka in India Test Series": 752,
  "Sri Lanka in India T20I Series": 753,
  "India in Bangladesh Test Series": 754,
  "South Africa in West Indies T20I Series": 755,
  "South Africa in West Indies ODI Series": 756,
  "South Africa in West Indies Test Series": 757,
  "Pakistan v England T20I Series": 758,
  "South Africa in India ODI Series": 759,
  "Sri Lanka in Australia ODI Series": 760,
  "England in Australia T20I Series": 761,
  "England in Australia ODI Series": 762,
  "Bangladesh in Ireland ODI Series": 763,
  "Zimbabwe Triangular Series": 764,
  "Sri Lanka Triangular Series": 765,
  "New Zealand v Sri Lanka T20I Series": 766,
  "ICC World Cricket League Americas Region Division One": 767,
  "ICC World Cricket League Americas Region Division One Twenty20": 768,
  "Pakistan v South Africa T20I Series": 769,
  "Pakistan v South Africa ODI Series": 770,
  "Pakistan v South Africa Test Series": 771,
  "Zimbabwe in South Africa T20I Series": 772,
  "India in South Africa Test Series": 773,
  "Netherlands in Ireland ODI Series": 774,
  "Ireland in Canada ODI Series": 775,
  "West Indies in Sri Lanka Test Series": 776,
  "West Indies in Sri Lanka ODI Series": 777,
  "Pakistan in New Zealand T20I Series": 778,
  "Pakistan in New Zealand ODI Series": 779,
  "Sri Lanka in England Test Series": 780,
  "Pataudi Trophy": 781,
  "New Zealand in Bangladesh ODI Series": 782,
  "NatWest Women's T20 Quadrangular Series": 783,
  "Sri Lanka in South Africa Test Series": 784,
  "Australia in Sri Lanka T20I Series": 785,
  "Australia in Sri Lanka ODI Series": 786,
  "Warne-Muralitharan Trophy": 787,
  "India in Australia T20I Series": 788,
  "Zimbabwe in New Zealand ODI Series": 789,
  "Zimbabwe in New Zealand T20I Series": 790,
  "South Africa in New Zealand T20I Series": 791,
  "England in Sri Lanka Test Series": 792,
  "Pakistan in Zimbabwe ODI Series": 793,
  "Pakistan in Zimbabwe T20I Series": 794,
  "New Zealand in Zimbabwe T20I Series": 795,
  "New Zealand in Zimbabwe ODI Series": 796,
  "England Women in South Africa ODI Series": 797,
  "England Women in South Africa T20I Series": 798,
  "England Women in New Zealand T20I Series": 799,
  "MiWAY T20 Challenge": 800,
  "Pakistan v Sri Lanka Test Series": 801,
  "Pakistan v Sri Lanka ODI Series": 802,
  "Pakistan v England Test Series": 803,
  "Pakistan v England ODI Series": 804,
  "West Indies in Bangladesh ODI Series": 805,
  "West Indies in Bangladesh Test Series": 806,
  "West Indies in India Test Series": 807,
  "Pakistan in Bangladesh ODI Series": 808,
  "Pakistan in Bangladesh Test Series": 809,
  "Australia in West Indies T20I Series": 810,
  "India Women in England T20I Series": 811,
  "India Women in England ODI Series": 812,
  "Ireland in Kenya T20I Series": 813,
  "West Indies Women in England T20I Series": 814,
  "New Zealand v West Indies T20I Series": 815,
  "New Zealand in West Indies ODI Series": 816,
  "New Zealand in West Indies Test Series": 817,
  "Pakistan in Sri Lanka T20I Series": 818,
  "New Zealand in India T20I Series": 819,
  "Pakistan Women in England T20I Series": 820,
  "New Zealand in England T20I Series": 821,
  "RSA Challenge": 822,
  "Bangladesh in Ireland T20I Series": 823,
  "Bangladesh in Netherlands T20I Series": 824,
  "New Zealand in South Africa T20I Series": 825,
  "New Zealand in South Africa Test Series": 826,
  "Pakistan in South Africa Test Series": 827,
  "Pakistan in South Africa T20I Series": 828,
  "Pakistan v Australia ODI Series": 829,
  "Pakistan v Australia T20I Series": 830,
  "ICC World Cricket League Division Eight": 831,
  "HRV Cup": 832,
  "New Zealand in Sri Lanka ODI Series": 833,
  "South Africa Women in West Indies T20I Series": 834,
  "Pakistan in India T20I Series": 835,
  "Canada v Kenya T20I Series": 836,
  "Twenty20 Quadrangular (in Namibia)": 837,
  "Zimbabwe in West Indies T20I Series": 838,
  "Clive Lloyd Trophy": 839,
  "West Indies Tri-Nation Series": 840,
  "Pakistan in Scotland ODI Series": 841,
  "Pakistan in Ireland ODI Series": 842,
  "West Indies Women in Sri Lanka ODI Series": 843,
  "West Indies Women in Sri Lanka T20I Series": 844,
  "Bangladesh in Zimbabwe T20I Series": 845,
  "Bangladesh in Zimbabwe Test Series": 846,
  "Pakistan Women in England ODI Series": 847,
  "South Africa in Sri Lanka ODI Series": 848,
  "South Africa in Sri Lanka T20I Series": 849,
  "England in West Indies T20I Series": 850,
  "Bangladesh tour of Australia": 851,
  "South Africa tour of England and Ireland": 852,
  "ICC Women's World Twenty20 Qualifier": 853,
  "Pakistan Women in Ireland ODI Series": 854,
  "Australia tour of Zimbabwe": 855,
  "England tour of Zimbabwe": 856,
  "Pakistan v Sri Lanka T20I Series": 857,
  "Cherry Blossom Sharjah Cup": 858,
  "Pakistan in Zimbabwe Test Series": 859,
  "West Indies in New Zealand Test Series": 860,
  "TVS Cup (Bangladesh)": 861,
  "Bank Alfalah Cup": 862,
  "TVS Cup (India)": 863,
  "Videocon Cup": 864,
  "Paktel Cup": 865,
  "Bangladesh Women in South Africa T20I Series": 866,
  "Bangladesh Women in South Africa ODI Series": 867,
  "HRV Twenty20": 868,
  "India in England ODI Series": 869,
  "Sri Lanka in England ODI Series": 870,
  "Sri Lanka Women in South Africa ODI Series": 871,
  "Sri Lanka Women in South Africa T20I Series": 872,
  "World T20": 873,
  "Women's World T20": 874,
  "Sri Lanka in Bangladesh T20I Series": 875,
  "LV= County Championship": 876,
  "South Africa Women in England T20I Series": 877,
  "PCB Qatar Women's 20-over Tri-Series": 878,
  "Ireland in West Indies T20I Series": 879,
  "Sri Lanka tour of England and Ireland": 880,
  "Pakistan v Australia Test Series": 881,
  "Scotland in Ireland ODI Series": 882,
  "South Africa in Sri Lanka Test Series": 883,
  "New Zealand in West Indies T20I Series": 884,
  "Asian Cricket Council Premier League": 885,
  "Pakistan v New Zealand Test Series": 886,
  "New Zealand in England ODI Series": 887,
  "Australia in England ODI Series": 888,
  "Asian Cricket Council Elite League": 889,
  "Sri Lanka in New Zealand Test Series": 890,
  "Carlton Mid One-Day International Tri-Series": 891,
  "Pakistan Women in Australia T20I Series": 892,
  "West Indies Women in Australia T20I Series": 893,
  "West Indies Women in Australia ODI Series": 894,
  "South Africa Women in Sri Lanka ODI Series": 895,
  "South Africa Women in Sri Lanka T20I Series": 896,
  "Zimbabwe in Bangladesh Test Series": 897,
  "Australia Women in Ireland T20I Series": 898,
  "Hong Kong v Nepal T20I Series": 899,
  "Pakistan Women v Sri Lanka Women T20I Series": 900,
  "Dubai Triangular Series": 901,
  "ACC Twenty20 Cup": 902,
  "South Africa in Bangladesh T20I Series": 903,
  "Pakistan Women v South Africa Women T20I Series": 904,
  "Zimbabwe in Pakistan T20I Series": 905,
  "New Zealand Women in India ODI Series": 906,
  "Hong Kong tour of Namibia": 907,
  "Nepal in Netherlands T20I Series": 908,
  "Scotland in Ireland T20I Series": 909,
  "Pakistan Women in West Indies T20I Series": 910,
  "India Women in Australia T20I Series": 911,
  "India in Australia ODI Series": 912,
  "South Africa in India T20I Series": 913,
  "Freedom Trophy": 914,
  "ICC World Cricket League Division Six": 915,
  "Sri Lanka in Ireland ODI Series": 916,
  "Pakistan in England ODI Series": 917,
  "Sobers/Tissera Trophy": 918,
  "West Indies in Sri Lanka T20I Series": 919,
  "Ireland in Zimbabwe ODI Series": 920,
  "Bangladesh Women in Pakistan T20I Series": 921,
  "Bangladesh Women in Pakistan ODI Series": 922,
  "Oman tour of United Arab Emirates": 923,
  "Hong Kong v Oman T20I Series": 924,
  "Zimbabwe in Bangladesh T20I Series": 925,
  "New Zealand Women in South Africa ODI Series": 926,
  "Sri Lanka in South Africa T20I Series": 927,
  "Zimbabwe Women tour of Bangladesh": 928,
  "Scotland in Hong Kong T20I Series": 929,
  "Papua New Guinea v Ireland T20I Series": 930,
  "Ireland in United Arab Emirates T20I Series": 931,
  "Walton T20 Cricket Series": 932,
  "South Africa Women in Ireland ODI Series": 933,
  "Bangladesh Women in Ireland T20I Series": 934,
  "Stan Nagaiah Trophy": 935,
  "Women's T20 Blaze": 936,
  "T20 Blaze": 937,
  "CG United Women's Super50": 938
}